run_id,condition,persona_id,repeat,decision,transportation_mode,destination_type,departure_urgency,income_level,vehicle_access,family_structure,medical_caregiving_responsibilities,wildfire_risk_level,transit_access,distance_to_nearest_shelter,road_travel_time_to_shelter,distance_to_hazard_zone,has_children,has_medical_need,is_low_income,mode_hard_violation,destination_hard_violation,mode_soft_issue,destination_soft_issue,soft_feasibility_issue,hard_violation_count,soft_violation_count,spatial_inconsistency_count,any_hard_violation,any_soft_issue,any_violation,mode_feasible,destination_feasible,feasibility_score,spatial_consistency_score,hard_violation_notes,soft_violation_notes,spatial_inconsistency_notes,violation_notes
ACS-001-baseline-r1,baseline,ACS-001,1,Evacuate now,Public transit,Friend/relative home,High,Lower-middle,No,Single adult household,Older adult mobility or medication needs,High,Good,2.3,15,1.3,0,1,1,0,0,0,0,0,0,0,1,0,0,1,1,1,0.9,0.75,,,reasoning_implies_vehicle_without_access,reasoning_implies_vehicle_without_access
ACS-001-spatial_grounded-r1,spatial_grounded,ACS-001,1,Evacuate now,Public transit,Public shelter,High,Lower-middle,No,Single adult household,Older adult mobility or medication needs,High,Good,2.3,15,1.3,0,1,1,0,0,0,0,0,0,0,1,0,0,1,1,1,0.9,0.75,,,reasoning_implies_vehicle_without_access,reasoning_implies_vehicle_without_access
ACS-002-baseline-r1,baseline,ACS-002,1,Evacuate now,Private vehicle,Friend/relative home,High,Low,Yes,Two-adult household,None,High,Good,2.3,15,1.3,0,0,1,0,0,0,0,0,0,0,0,0,0,0,1,1,1.0,1.0,,,,
ACS-002-spatial_grounded-r1,spatial_grounded,ACS-002,1,Evacuate now,Private vehicle,Public shelter,High,Low,Yes,Two-adult household,None,High,Good,2.3,15,1.3,0,0,1,0,0,0,0,0,0,0,0,0,0,0,1,1,1.0,1.0,,,,
ACS-003-baseline-r1,baseline,ACS-003,1,Evacuate now,Public transit,Friend/relative home,High,Middle,No,Single adult household,None,High,Good,2.3,15,1.3,0,0,0,0,0,0,0,0,0,0,1,0,0,1,1,1,0.9,0.75,,,reasoning_implies_vehicle_without_access,reasoning_implies_vehicle_without_access
ACS-003-spatial_grounded-r1,spatial_grounded,ACS-003,1,Evacuate now,Public transit,Public shelter,High,Middle,No,Single adult household,None,High,Good,2.3,15,1.3,0,0,0,0,0,0,0,0,0,0,1,0,0,1,1,1,0.9,0.75,,,reasoning_implies_vehicle_without_access,reasoning_implies_vehicle_without_access
ACS-004-baseline-r1,baseline,ACS-004,1,Evacuate now,Public transit,Friend/relative home,High,Low,No,Single adult household,None,High,Good,2.3,15,1.3,0,0,1,0,0,0,0,0,0,0,1,0,0,1,1,1,0.9,0.75,,,reasoning_implies_vehicle_without_access,reasoning_implies_vehicle_without_access
ACS-004-spatial_grounded-r1,spatial_grounded,ACS-004,1,Evacuate now,Public transit,Public shelter,High,Low,No,Single adult household,None,High,Good,2.3,15,1.3,0,0,1,0,0,0,0,0,0,0,1,0,0,1,1,1,0.9,0.75,,,reasoning_implies_vehicle_without_access,reasoning_implies_vehicle_without_access
ACS-005-baseline-r1,baseline,ACS-005,1,Evacuate now,Private vehicle,Friend/relative home,High,Low,Yes,Single adult household,None,High,Good,2.3,15,1.3,0,0,1,0,0,0,0,0,0,0,0,0,0,0,1,1,1.0,1.0,,,,
ACS-005-spatial_grounded-r1,spatial_grounded,ACS-005,1,Evacuate now,Private vehicle,Public shelter,High,Low,Yes,Single adult household,None,High,Good,2.3,15,1.3,0,0,1,0,0,0,0,0,0,0,0,0,0,0,1,1,1.0,1.0,,,,
ACS-006-baseline-r1,baseline,ACS-006,1,Evacuate now,Public transit,Friend/relative home,High,Lower-middle,No,Single adult household,None,High,Good,2.3,15,1.3,0,0,1,0,0,0,0,0,0,0,1,0,0,1,1,1,0.9,0.75,,,reasoning_implies_vehicle_without_access,reasoning_implies_vehicle_without_access
ACS-006-spatial_grounded-r1,spatial_grounded,ACS-006,1,Evacuate now,Public transit,Public shelter,High,Lower-middle,No,Single adult household,None,High,Good,2.3,15,1.3,0,0,1,0,0,0,0,0,0,0,1,0,0,1,1,1,0.9,0.75,,,reasoning_implies_vehicle_without_access,reasoning_implies_vehicle_without_access
ACS-007-baseline-r1,baseline,ACS-007,1,Evacuate now,Public transit,Friend/relative home,High,Middle,No,Single adult household,None,High,Good,2.3,15,1.3,0,0,0,0,0,0,0,0,0,0,1,0,0,1,1,1,0.9,0.75,,,reasoning_implies_vehicle_without_access,reasoning_implies_vehicle_without_access
ACS-007-spatial_grounded-r1,spatial_grounded,ACS-007,1,Evacuate now,Public transit,Public shelter,High,Middle,No,Single adult household,None,High,Good,2.3,15,1.3,0,0,0,0,0,0,0,0,0,0,1,0,0,1,1,1,0.9,0.75,,,reasoning_implies_vehicle_without_access,reasoning_implies_vehicle_without_access
ACS-008-baseline-r1,baseline,ACS-008,1,Evacuate now,Public transit,Friend/relative home,High,Low,No,Single adult household,None,High,Good,2.3,15,1.3,0,0,1,0,0,0,0,0,0,0,1,0,0,1,1,1,0.9,0.75,,,reasoning_implies_vehicle_without_access,reasoning_implies_vehicle_without_access
ACS-008-spatial_grounded-r1,spatial_grounded,ACS-008,1,Evacuate now,Public transit,Public shelter,High,Low,No,Single adult household,None,High,Good,2.3,15,1.3,0,0,1,0,0,0,0,0,0,0,1,0,0,1,1,1,0.9,0.75,,,reasoning_implies_vehicle_without_access,reasoning_implies_vehicle_without_access
ACS-009-baseline-r1,baseline,ACS-009,1,Evacuate now,Public transit,Friend/relative home,High,Low,No,Single adult household,None,High,Good,2.3,15,1.3,0,0,1,0,0,0,0,0,0,0,1,0,0,1,1,1,0.9,0.75,,,reasoning_implies_vehicle_without_access,reasoning_implies_vehicle_without_access
ACS-009-spatial_grounded-r1,spatial_grounded,ACS-009,1,Evacuate now,Public transit,Public shelter,High,Low,No,Single adult household,None,High,Good,2.3,15,1.3,0,0,1,0,0,0,0,0,0,0,1,0,0,1,1,1,0.9,0.75,,,reasoning_implies_vehicle_without_access,reasoning_implies_vehicle_without_access
ACS-010-baseline-r1,baseline,ACS-010,1,Evacuate now,Public transit,Friend/relative home,High,Lower-middle,No,Single adult household,None,High,Good,2.3,15,1.3,0,0,1,0,0,0,0,0,0,0,1,0,0,1,1,1,0.9,0.75,,,reasoning_implies_vehicle_without_access,reasoning_implies_vehicle_without_access
ACS-010-spatial_grounded-r1,spatial_grounded,ACS-010,1,Evacuate now,Public transit,Public shelter,High,Lower-middle,No,Single adult household,None,High,Good,2.3,15,1.3,0,0,1,0,0,0,0,0,0,0,1,0,0,1,1,1,0.9,0.75,,,reasoning_implies_vehicle_without_access,reasoning_implies_vehicle_without_access
ACS-011-baseline-r1,baseline,ACS-011,1,Evacuate now,Private vehicle,Friend/relative home,High,Low,Yes,Single adult household,None,High,Good,3.1,20,1.9,0,0,1,0,0,0,0,0,0,0,0,0,0,0,1,1,1.0,1.0,,,,
ACS-011-spatial_grounded-r1,spatial_grounded,ACS-011,1,Evacuate now,Private vehicle,Public shelter,High,Low,Yes,Single adult household,None,High,Good,3.1,20,1.9,0,0,1,0,0,0,0,0,0,0,0,0,0,0,1,1,1.0,1.0,,,,
ACS-012-baseline-r1,baseline,ACS-012,1,Evacuate now,Public transit,Friend/relative home,High,Lower-middle,No,Single adult household,None,High,Good,3.1,20,1.9,0,0,1,0,0,0,0,0,0,0,1,0,0,1,1,1,0.9,0.75,,,reasoning_implies_vehicle_without_access,reasoning_implies_vehicle_without_access
ACS-012-spatial_grounded-r1,spatial_grounded,ACS-012,1,Evacuate now,Public transit,Public shelter,High,Lower-middle,No,Single adult household,None,High,Good,3.1,20,1.9,0,0,1,0,0,0,0,0,0,0,1,0,0,1,1,1,0.9,0.75,,,reasoning_implies_vehicle_without_access,reasoning_implies_vehicle_without_access
ACS-013-baseline-r1,baseline,ACS-013,1,Evacuate now,Public transit,Friend/relative home,High,Low,No,Shared adult household,None,High,Good,3.1,20,1.9,0,0,1,0,0,0,0,0,0,0,1,0,0,1,1,1,0.9,0.75,,,reasoning_implies_vehicle_without_access,reasoning_implies_vehicle_without_access
ACS-013-spatial_grounded-r1,spatial_grounded,ACS-013,1,Evacuate now,Public transit,Public shelter,High,Low,No,Shared adult household,None,High,Good,3.1,20,1.9,0,0,1,0,0,0,0,0,0,0,1,0,0,1,1,1,0.9,0.75,,,reasoning_implies_vehicle_without_access,reasoning_implies_vehicle_without_access
ACS-014-baseline-r1,baseline,ACS-014,1,Evacuate now,Public transit,Friend/relative home,High,Low,No,Shared adult household,None,High,Good,3.1,20,1.9,0,0,1,0,0,0,0,0,0,0,1,0,0,1,1,1,0.9,0.75,,,reasoning_implies_vehicle_without_access,reasoning_implies_vehicle_without_access
ACS-014-spatial_grounded-r1,spatial_grounded,ACS-014,1,Evacuate now,Public transit,Public shelter,High,Low,No,Shared adult household,None,High,Good,3.1,20,1.9,0,0,1,0,0,0,0,0,0,0,1,0,0,1,1,1,0.9,0.75,,,reasoning_implies_vehicle_without_access,reasoning_implies_vehicle_without_access
ACS-015-baseline-r1,baseline,ACS-015,1,Evacuate now,Public transit,Friend/relative home,High,Low,No,Single adult household,None,High,Good,3.1,20,1.9,0,0,1,0,0,0,0,0,0,0,0,0,0,0,1,1,1.0,1.0,,,,
ACS-015-spatial_grounded-r1,spatial_grounded,ACS-015,1,Evacuate now,Public transit,Public shelter,High,Low,No,Single adult household,None,High,Good,3.1,20,1.9,0,0,1,0,0,0,0,0,0,0,1,0,0,1,1,1,0.9,0.75,,,reasoning_implies_vehicle_without_access,reasoning_implies_vehicle_without_access
ACS-016-baseline-r1,baseline,ACS-016,1,Evacuate now,Public transit,Friend/relative home,High,Middle,No,Single adult household,None,High,Good,3.1,20,1.9,0,0,0,0,0,0,0,0,0,0,1,0,0,1,1,1,0.9,0.75,,,reasoning_implies_vehicle_without_access,reasoning_implies_vehicle_without_access
ACS-016-spatial_grounded-r1,spatial_grounded,ACS-016,1,Evacuate now,Public transit,Public shelter,High,Middle,No,Single adult household,None,High,Good,3.1,20,1.9,0,0,0,0,0,0,0,0,0,0,1,0,0,1,1,1,0.9,0.75,,,reasoning_implies_vehicle_without_access,reasoning_implies_vehicle_without_access
ACS-017-baseline-r1,baseline,ACS-017,1,Evacuate now,Public transit,Friend/relative home,High,Low,No,Single adult household,None,High,Good,3.1,20,1.9,0,0,1,0,0,0,0,0,0,0,1,0,0,1,1,1,0.9,0.75,,,reasoning_implies_vehicle_without_access,reasoning_implies_vehicle_without_access
ACS-017-spatial_grounded-r1,spatial_grounded,ACS-017,1,Evacuate now,Public transit,Public shelter,High,Low,No,Single adult household,None,High,Good,3.1,20,1.9,0,0,1,0,0,0,0,0,0,0,1,0,0,1,1,1,0.9,0.75,,,reasoning_implies_vehicle_without_access,reasoning_implies_vehicle_without_access
ACS-018-baseline-r1,baseline,ACS-018,1,Evacuate now,Private vehicle,Friend/relative home,High,Lower-middle,Yes,Shared adult household,None,High,Good,3.1,20,1.9,0,0,1,0,0,0,0,0,0,0,0,0,0,0,1,1,1.0,1.0,,,,
ACS-018-spatial_grounded-r1,spatial_grounded,ACS-018,1,Evacuate now,Private vehicle,Public shelter,High,Lower-middle,Yes,Shared adult household,None,High,Good,3.1,20,1.9,0,0,1,0,0,0,0,0,0,0,0,0,0,0,1,1,1.0,1.0,,,,
ACS-019-baseline-r1,baseline,ACS-019,1,Evacuate now,Public transit,Friend/relative home,High,Lower-middle,No,Single adult household,None,High,Good,3.1,20,1.9,0,0,1,0,0,0,0,0,0,0,0,0,0,0,1,1,1.0,1.0,,,,
ACS-019-spatial_grounded-r1,spatial_grounded,ACS-019,1,Evacuate now,Public transit,Public shelter,High,Lower-middle,No,Single adult household,None,High,Good,3.1,20,1.9,0,0,1,0,0,0,0,0,0,0,1,0,0,1,1,1,0.9,0.75,,,reasoning_implies_vehicle_without_access,reasoning_implies_vehicle_without_access
ACS-020-baseline-r1,baseline,ACS-020,1,Evacuate now,Private vehicle,Friend/relative home,High,Lower-middle,Yes,Two-adult household,None,High,Good,3.1,20,1.9,0,0,1,0,0,0,0,0,0,0,0,0,0,0,1,1,1.0,1.0,,,,
ACS-020-spatial_grounded-r1,spatial_grounded,ACS-020,1,Evacuate now,Private vehicle,Public shelter,High,Lower-middle,Yes,Two-adult household,None,High,Good,3.1,20,1.9,0,0,1,0,0,0,0,0,0,0,0,0,0,0,1,1,1.0,1.0,,,,
ACS-021-baseline-r1,baseline,ACS-021,1,Evacuate now,Public transit,Friend/relative home,High,Low,No,Two-adult household,None,High,Good,3.9,25,2.5,0,0,1,0,0,0,0,0,0,0,1,0,0,1,1,1,0.9,0.75,,,reasoning_implies_vehicle_without_access,reasoning_implies_vehicle_without_access
ACS-021-spatial_grounded-r1,spatial_grounded,ACS-021,1,Evacuate now,Public transit,Public shelter,High,Low,No,Two-adult household,None,High,Good,3.9,25,2.5,0,0,1,0,0,0,0,0,0,0,1,0,0,1,1,1,0.9,0.75,,,reasoning_implies_vehicle_without_access,reasoning_implies_vehicle_without_access
ACS-022-baseline-r1,baseline,ACS-022,1,Evacuate now,Public transit,Friend/relative home,High,Lower-middle,No,Single adult household,None,High,Good,3.9,25,2.5,0,0,1,0,0,0,0,0,0,0,1,0,0,1,1,1,0.9,0.75,,,reasoning_implies_vehicle_without_access,reasoning_implies_vehicle_without_access
ACS-022-spatial_grounded-r1,spatial_grounded,ACS-022,1,Evacuate now,Public transit,Public shelter,High,Lower-middle,No,Single adult household,None,High,Good,3.9,25,2.5,0,0,1,0,0,0,0,0,0,0,1,0,0,1,1,1,0.9,0.75,,,reasoning_implies_vehicle_without_access,reasoning_implies_vehicle_without_access
ACS-023-baseline-r1,baseline,ACS-023,1,Evacuate now,Public transit,Friend/relative home,High,Upper-middle,No,Shared adult household,None,High,Good,3.9,25,2.5,0,0,0,0,0,0,0,0,0,0,1,0,0,1,1,1,0.9,0.75,,,reasoning_implies_vehicle_without_access,reasoning_implies_vehicle_without_access
ACS-023-spatial_grounded-r1,spatial_grounded,ACS-023,1,Evacuate now,Public transit,Public shelter,High,Upper-middle,No,Shared adult household,None,High,Good,3.9,25,2.5,0,0,0,0,0,0,0,0,0,0,1,0,0,1,1,1,0.9,0.75,,,reasoning_implies_vehicle_without_access,reasoning_implies_vehicle_without_access
ACS-024-baseline-r1,baseline,ACS-024,1,Evacuate now,Public transit,Friend/relative home,High,Low,No,Single adult household,None,High,Good,3.9,25,2.5,0,0,1,0,0,0,0,0,0,0,1,0,0,1,1,1,0.9,0.75,,,reasoning_implies_vehicle_without_access,reasoning_implies_vehicle_without_access
ACS-024-spatial_grounded-r1,spatial_grounded,ACS-024,1,Evacuate now,Public transit,Public shelter,High,Low,No,Single adult household,None,High,Good,3.9,25,2.5,0,0,1,0,0,0,0,0,0,0,1,0,0,1,1,1,0.9,0.75,,,reasoning_implies_vehicle_without_access,reasoning_implies_vehicle_without_access
ACS-025-baseline-r1,baseline,ACS-025,1,Evacuate now,Private vehicle,Friend/relative home,High,Low,Yes,Two-adult household,None,High,Good,3.9,25,2.5,0,0,1,0,0,0,0,0,0,0,0,0,0,0,1,1,1.0,1.0,,,,
ACS-025-spatial_grounded-r1,spatial_grounded,ACS-025,1,Evacuate now,Private vehicle,Public shelter,High,Low,Yes,Two-adult household,None,High,Good,3.9,25,2.5,0,0,1,0,0,0,0,0,0,0,0,0,0,0,1,1,1.0,1.0,,,,
ACS-026-baseline-r1,baseline,ACS-026,1,Evacuate now,Public transit,Public shelter,High,Low,No,Single adult household,None,High,Good,3.9,25,2.5,0,0,1,0,0,0,0,0,0,0,1,0,0,1,1,1,0.9,0.75,,,reasoning_implies_vehicle_without_access,reasoning_implies_vehicle_without_access
ACS-026-spatial_grounded-r1,spatial_grounded,ACS-026,1,Evacuate now,Public transit,Public shelter,High,Low,No,Single adult household,None,High,Good,3.9,25,2.5,0,0,1,0,0,0,0,0,0,0,1,0,0,1,1,1,0.9,0.75,,,reasoning_implies_vehicle_without_access,reasoning_implies_vehicle_without_access
ACS-027-baseline-r1,baseline,ACS-027,1,Evacuate now,Public transit,Friend/relative home,High,Lower-middle,No,Single adult household,None,High,Good,3.9,25,2.5,0,0,1,0,0,0,0,0,0,0,1,0,0,1,1,1,0.9,0.75,,,reasoning_implies_vehicle_without_access,reasoning_implies_vehicle_without_access
ACS-027-spatial_grounded-r1,spatial_grounded,ACS-027,1,Evacuate now,Public transit,Public shelter,High,Lower-middle,No,Single adult household,None,High,Good,3.9,25,2.5,0,0,1,0,0,0,0,0,0,0,1,0,0,1,1,1,0.9,0.75,,,reasoning_implies_vehicle_without_access,reasoning_implies_vehicle_without_access
ACS-028-baseline-r1,baseline,ACS-028,1,Evacuate now,Public transit,Friend/relative home,High,Lower-middle,No,Single adult household,None,High,Good,3.9,25,2.5,0,0,1,0,0,0,0,0,0,0,0,0,0,0,1,1,1.0,1.0,,,,
ACS-028-spatial_grounded-r1,spatial_grounded,ACS-028,1,Evacuate now,Public transit,Public shelter,High,Lower-middle,No,Single adult household,None,High,Good,3.9,25,2.5,0,0,1,0,0,0,0,0,0,0,1,0,0,1,1,1,0.9,0.75,,,reasoning_implies_vehicle_without_access,reasoning_implies_vehicle_without_access
ACS-029-baseline-r1,baseline,ACS-029,1,Evacuate now,Public transit,Friend/relative home,High,Lower-middle,No,Two-adult household,None,High,Good,3.9,25,2.5,0,0,1,0,0,0,0,0,0,0,1,0,0,1,1,1,0.9,0.75,,,reasoning_implies_vehicle_without_access,reasoning_implies_vehicle_without_access
ACS-029-spatial_grounded-r1,spatial_grounded,ACS-029,1,Evacuate now,Public transit,Public shelter,High,Lower-middle,No,Two-adult household,None,High,Good,3.9,25,2.5,0,0,1,0,0,0,0,0,0,0,1,0,0,1,1,1,0.9,0.75,,,reasoning_implies_vehicle_without_access,reasoning_implies_vehicle_without_access
ACS-030-baseline-r1,baseline,ACS-030,1,Evacuate now,Private vehicle,Outside evacuation zone,High,Lower-middle,Yes,Single adult household,None,High,Good,3.9,25,2.5,0,0,1,0,0,0,0,0,0,0,0,0,0,0,1,1,1.0,1.0,,,,
ACS-030-spatial_grounded-r1,spatial_grounded,ACS-030,1,Evacuate now,Private vehicle,Public shelter,High,Lower-middle,Yes,Single adult household,None,High,Good,3.9,25,2.5,0,0,1,0,0,0,0,0,0,0,0,0,0,0,1,1,1.0,1.0,,,,
ACS-031-baseline-r1,baseline,ACS-031,1,Evacuate now,Public transit,Friend/relative home,High,Lower-middle,No,Shared adult household,None,High,Good,4.7,30,3.1,0,0,1,0,0,0,0,0,0,0,1,0,0,1,1,1,0.9,0.75,,,reasoning_implies_vehicle_without_access,reasoning_implies_vehicle_without_access
ACS-031-spatial_grounded-r1,spatial_grounded,ACS-031,1,Evacuate now,Public transit,Public shelter,High,Lower-middle,No,Shared adult household,None,High,Good,4.7,30,3.1,0,0,1,0,0,0,0,0,0,0,1,0,0,1,1,1,0.9,0.75,,,reasoning_implies_vehicle_without_access,reasoning_implies_vehicle_without_access
ACS-032-baseline-r1,baseline,ACS-032,1,Evacuate now,Private vehicle,Friend/relative home,High,Low,Yes,Two-adult household,None,High,Good,4.7,30,3.1,0,0,1,0,0,0,0,0,0,0,0,0,0,0,1,1,1.0,1.0,,,,
ACS-032-spatial_grounded-r1,spatial_grounded,ACS-032,1,Evacuate now,Private vehicle,Public shelter,High,Low,Yes,Two-adult household,None,High,Good,4.7,30,3.1,0,0,1,0,0,0,0,0,0,0,0,0,0,0,1,1,1.0,1.0,,,,
ACS-033-baseline-r1,baseline,ACS-033,1,Evacuate now,Private vehicle,Friend/relative home,High,Lower-middle,Yes,Two-adult household,None,High,Good,4.7,30,3.1,0,0,1,0,0,0,0,0,0,0,0,0,0,0,1,1,1.0,1.0,,,,
ACS-033-spatial_grounded-r1,spatial_grounded,ACS-033,1,Evacuate now,Private vehicle,Public shelter,High,Lower-middle,Yes,Two-adult household,None,High,Good,4.7,30,3.1,0,0,1,0,0,0,0,0,0,0,0,0,0,0,1,1,1.0,1.0,,,,
ACS-034-baseline-r1,baseline,ACS-034,1,Evacuate now,Public transit,Friend/relative home,High,Lower-middle,No,Single adult household,None,High,Good,4.7,30,3.1,0,0,1,0,0,0,0,0,0,0,1,0,0,1,1,1,0.9,0.75,,,reasoning_implies_vehicle_without_access,reasoning_implies_vehicle_without_access
ACS-034-spatial_grounded-r1,spatial_grounded,ACS-034,1,Evacuate now,Public transit,Public shelter,High,Lower-middle,No,Single adult household,None,High,Good,4.7,30,3.1,0,0,1,0,0,0,0,0,0,0,1,0,0,1,1,1,0.9,0.75,,,reasoning_implies_vehicle_without_access,reasoning_implies_vehicle_without_access
ACS-035-baseline-r1,baseline,ACS-035,1,Evacuate now,Private vehicle,Friend/relative home,High,Lower-middle,Yes,Shared adult household,Older adult mobility or medication needs,High,Good,4.7,30,3.1,0,1,1,0,0,0,0,0,0,0,0,0,0,0,1,1,1.0,1.0,,,,
ACS-035-spatial_grounded-r1,spatial_grounded,ACS-035,1,Evacuate now,Private vehicle,Friend/relative home,High,Lower-middle,Yes,Shared adult household,Older adult mobility or medication needs,High,Good,4.7,30,3.1,0,1,1,0,0,0,0,0,0,0,0,0,0,0,1,1,1.0,1.0,,,,
ACS-036-baseline-r1,baseline,ACS-036,1,Evacuate now,Public transit,Friend/relative home,High,Upper-middle,No,Two-adult household,None,High,Good,4.7,30,3.1,0,0,0,0,0,0,0,0,0,0,1,0,0,1,1,1,0.9,0.75,,,reasoning_implies_vehicle_without_access,reasoning_implies_vehicle_without_access
ACS-036-spatial_grounded-r1,spatial_grounded,ACS-036,1,Evacuate now,Public transit,Public shelter,High,Upper-middle,No,Two-adult household,None,High,Good,4.7,30,3.1,0,0,0,0,0,0,0,0,0,0,1,0,0,1,1,1,0.9,0.75,,,reasoning_implies_vehicle_without_access,reasoning_implies_vehicle_without_access
ACS-037-baseline-r1,baseline,ACS-037,1,Evacuate now,Private vehicle,Friend/relative home,High,Low,Yes,Single adult household,Older adult mobility or medication needs,High,Good,4.7,30,3.1,0,1,1,0,0,0,0,0,0,0,0,0,0,0,1,1,1.0,1.0,,,,
ACS-037-spatial_grounded-r1,spatial_grounded,ACS-037,1,Evacuate now,Private vehicle,Public shelter,High,Low,Yes,Single adult household,Older adult mobility or medication needs,High,Good,4.7,30,3.1,0,1,1,0,0,0,0,0,0,0,0,0,0,0,1,1,1.0,1.0,,,,
ACS-038-baseline-r1,baseline,ACS-038,1,Evacuate now,Private vehicle,Friend/relative home,High,Upper-middle,Yes,Single adult household,None,High,Good,4.7,30,3.1,0,0,0,0,0,0,0,0,0,0,0,0,0,0,1,1,1.0,1.0,,,,
ACS-038-spatial_grounded-r1,spatial_grounded,ACS-038,1,Evacuate now,Private vehicle,Public shelter,High,Upper-middle,Yes,Single adult household,None,High,Good,4.7,30,3.1,0,0,0,0,0,0,0,0,0,0,0,0,0,0,1,1,1.0,1.0,,,,
ACS-039-baseline-r1,baseline,ACS-039,1,Evacuate now,Private vehicle,Friend/relative home,High,Middle,Yes,Single adult household,None,High,Good,4.7,30,3.1,0,0,0,0,0,0,0,0,0,0,0,0,0,0,1,1,1.0,1.0,,,,
ACS-039-spatial_grounded-r1,spatial_grounded,ACS-039,1,Evacuate now,Private vehicle,Public shelter,High,Middle,Yes,Single adult household,None,High,Good,4.7,30,3.1,0,0,0,0,0,0,0,0,0,0,0,0,0,0,1,1,1.0,1.0,,,,
ACS-040-baseline-r1,baseline,ACS-040,1,Evacuate now,Public transit,Public shelter,High,Low,No,Single adult household,None,High,Good,4.7,30,3.1,0,0,1,0,0,0,0,0,0,0,1,0,0,1,1,1,0.9,0.75,,,reasoning_implies_vehicle_without_access,reasoning_implies_vehicle_without_access
ACS-040-spatial_grounded-r1,spatial_grounded,ACS-040,1,Evacuate now,Public transit,Public shelter,High,Low,No,Single adult household,None,High,Good,4.7,30,3.1,0,0,1,0,0,0,0,0,0,0,1,0,0,1,1,1,0.9,0.75,,,reasoning_implies_vehicle_without_access,reasoning_implies_vehicle_without_access
ACS-041-baseline-r1,baseline,ACS-041,1,Evacuate now,Public transit,Friend/relative home,High,Lower-middle,No,Two-adult household,None,High,Good,5.5,35,0.7,0,0,1,0,0,0,0,0,0,0,0,0,0,0,1,1,1.0,1.0,,,,
ACS-041-spatial_grounded-r1,spatial_grounded,ACS-041,1,Evacuate now,Public transit,Public shelter,High,Lower-middle,No,Two-adult household,None,High,Good,5.5,35,0.7,0,0,1,0,0,0,0,0,0,0,1,0,0,1,1,1,0.9,0.75,,,reasoning_implies_vehicle_without_access,reasoning_implies_vehicle_without_access
ACS-042-baseline-r1,baseline,ACS-042,1,Evacuate now,Private vehicle,Friend/relative home,High,Low,Yes,Two-adult household,None,High,Good,5.5,35,0.7,0,0,1,0,0,0,0,0,0,0,0,0,0,0,1,1,1.0,1.0,,,,
ACS-042-spatial_grounded-r1,spatial_grounded,ACS-042,1,Evacuate now,Private vehicle,Public shelter,High,Low,Yes,Two-adult household,None,High,Good,5.5,35,0.7,0,0,1,0,0,0,0,0,0,0,0,0,0,0,1,1,1.0,1.0,,,,
ACS-043-baseline-r1,baseline,ACS-043,1,Evacuate now,Public transit,Friend/relative home,High,Middle,No,Two-adult household,None,High,Good,5.5,35,0.7,0,0,0,0,0,0,0,0,0,0,1,0,0,1,1,1,0.9,0.75,,,reasoning_implies_vehicle_without_access,reasoning_implies_vehicle_without_access
ACS-043-spatial_grounded-r1,spatial_grounded,ACS-043,1,Evacuate now,Public transit,Public shelter,High,Middle,No,Two-adult household,None,High,Good,5.5,35,0.7,0,0,0,0,0,0,0,0,0,0,1,0,0,1,1,1,0.9,0.75,,,reasoning_implies_vehicle_without_access,reasoning_implies_vehicle_without_access
ACS-044-baseline-r1,baseline,ACS-044,1,Evacuate now,Public transit,Public shelter,High,Low,No,Two-adult household,None,High,Good,5.5,35,0.7,0,0,1,0,0,0,0,0,0,0,0,0,0,0,1,1,1.0,1.0,,,,
ACS-044-spatial_grounded-r1,spatial_grounded,ACS-044,1,Evacuate now,Public transit,Public shelter,High,Low,No,Two-adult household,None,High,Good,5.5,35,0.7,0,0,1,0,0,0,0,0,0,0,1,0,0,1,1,1,0.9,0.75,,,reasoning_implies_vehicle_without_access,reasoning_implies_vehicle_without_access
ACS-045-baseline-r1,baseline,ACS-045,1,Evacuate now,Public transit,Friend/relative home,High,Lower-middle,No,Two-adult household,None,High,Good,5.5,35,0.7,0,0,1,0,0,0,0,0,0,0,1,0,0,1,1,1,0.9,0.75,,,reasoning_implies_vehicle_without_access,reasoning_implies_vehicle_without_access
ACS-045-spatial_grounded-r1,spatial_grounded,ACS-045,1,Evacuate now,Public transit,Public shelter,High,Lower-middle,No,Two-adult household,None,High,Good,5.5,35,0.7,0,0,1,0,0,0,0,0,0,0,1,0,0,1,1,1,0.9,0.75,,,reasoning_implies_vehicle_without_access,reasoning_implies_vehicle_without_access
ACS-046-baseline-r1,baseline,ACS-046,1,Evacuate now,Public transit,Friend/relative home,High,Low,No,Single adult household,None,High,Good,5.5,35,0.7,0,0,1,0,0,0,0,0,0,0,1,0,0,1,1,1,0.9,0.75,,,reasoning_implies_vehicle_without_access,reasoning_implies_vehicle_without_access
ACS-046-spatial_grounded-r1,spatial_grounded,ACS-046,1,Evacuate now,Public transit,Public shelter,High,Low,No,Single adult household,None,High,Good,5.5,35,0.7,0,0,1,0,0,0,0,0,0,0,1,0,0,1,1,1,0.9,0.75,,,reasoning_implies_vehicle_without_access,reasoning_implies_vehicle_without_access
ACS-047-baseline-r1,baseline,ACS-047,1,Evacuate now,Public transit,Friend/relative home,High,Low,No,Shared adult household,None,High,Good,5.5,35,0.7,0,0,1,0,0,0,0,0,0,0,1,0,0,1,1,1,0.9,0.75,,,reasoning_implies_vehicle_without_access,reasoning_implies_vehicle_without_access
ACS-047-spatial_grounded-r1,spatial_grounded,ACS-047,1,Evacuate now,Public transit,Public shelter,High,Low,No,Shared adult household,None,High,Good,5.5,35,0.7,0,0,1,0,0,0,0,0,0,0,1,0,0,1,1,1,0.9,0.75,,,reasoning_implies_vehicle_without_access,reasoning_implies_vehicle_without_access
ACS-048-baseline-r1,baseline,ACS-048,1,Evacuate now,Private vehicle,Friend/relative home,High,Lower-middle,Yes,Household with children,None,High,Good,5.5,35,0.7,1,0,1,0,0,0,0,0,0,0,0,0,0,0,1,1,1.0,1.0,,,,
ACS-048-spatial_grounded-r1,spatial_grounded,ACS-048,1,Evacuate now,Private vehicle,Public shelter,High,Lower-middle,Yes,Household with children,None,High,Good,5.5,35,0.7,1,0,1,0,0,0,0,0,0,0,0,0,0,0,1,1,1.0,1.0,,,,
ACS-049-baseline-r1,baseline,ACS-049,1,Evacuate now,Public transit,Friend/relative home,High,Lower-middle,No,Two-adult household,None,High,Good,5.5,35,0.7,0,0,1,0,0,0,0,0,0,0,1,0,0,1,1,1,0.9,0.75,,,reasoning_implies_vehicle_without_access,reasoning_implies_vehicle_without_access
ACS-049-spatial_grounded-r1,spatial_grounded,ACS-049,1,Evacuate now,Public transit,Public shelter,High,Lower-middle,No,Two-adult household,None,High,Good,5.5,35,0.7,0,0,1,0,0,0,0,0,0,0,1,0,0,1,1,1,0.9,0.75,,,reasoning_implies_vehicle_without_access,reasoning_implies_vehicle_without_access
ACS-050-baseline-r1,baseline,ACS-050,1,Evacuate now,Private vehicle,Friend/relative home,High,Middle,Yes,Two-adult household,None,High,Good,5.5,35,0.7,0,0,0,0,0,0,0,0,0,0,0,0,0,0,1,1,1.0,1.0,,,,
ACS-050-spatial_grounded-r1,spatial_grounded,ACS-050,1,Evacuate now,Private vehicle,Public shelter,High,Middle,Yes,Two-adult household,None,High,Good,5.5,35,0.7,0,0,0,0,0,0,0,0,0,0,0,0,0,0,1,1,1.0,1.0,,,,
ACS-051-baseline-r1,baseline,ACS-051,1,Evacuate now,Private vehicle,Friend/relative home,High,Low,Yes,Two-adult household,None,High,Limited,1.5,10,1.3,0,0,1,0,0,0,0,0,0,0,0,0,0,0,1,1,1.0,1.0,,,,
ACS-051-spatial_grounded-r1,spatial_grounded,ACS-051,1,Evacuate now,Private vehicle,Public shelter,High,Low,Yes,Two-adult household,None,High,Limited,1.5,10,1.3,0,0,1,0,0,0,0,0,0,0,0,0,0,0,1,1,1.0,1.0,,,,
ACS-052-baseline-r1,baseline,ACS-052,1,Evacuate now,Private vehicle,Friend/relative home,High,Low,Yes,Two-adult household,None,High,Limited,1.5,10,1.3,0,0,1,0,0,0,0,0,0,0,0,0,0,0,1,1,1.0,1.0,,,,
ACS-052-spatial_grounded-r1,spatial_grounded,ACS-052,1,Evacuate now,Private vehicle,Public shelter,High,Low,Yes,Two-adult household,None,High,Limited,1.5,10,1.3,0,0,1,0,0,0,0,0,0,0,0,0,0,0,1,1,1.0,1.0,,,,
ACS-053-baseline-r1,baseline,ACS-053,1,Evacuate now,Private vehicle,Friend/relative home,High,Lower-middle,Yes,Single adult household,None,High,Limited,1.5,10,1.3,0,0,1,0,0,0,0,0,0,0,0,0,0,0,1,1,1.0,1.0,,,,
ACS-053-spatial_grounded-r1,spatial_grounded,ACS-053,1,Evacuate now,Private vehicle,Public shelter,High,Lower-middle,Yes,Single adult household,None,High,Limited,1.5,10,1.3,0,0,1,0,0,0,0,0,0,0,0,0,0,0,1,1,1.0,1.0,,,,
ACS-054-baseline-r1,baseline,ACS-054,1,Evacuate now,Public transit,Friend/relative home,High,Low,No,Shared adult household,None,High,Limited,1.5,10,1.3,0,0,1,0,0,1,0,1,0,1,1,0,1,1,0,1,0.75,0.75,,mode_public_transit_low_access,reasoning_implies_vehicle_without_access,mode_public_transit_low_access; reasoning_implies_vehicle_without_access
ACS-054-spatial_grounded-r1,spatial_grounded,ACS-054,1,Evacuate now,Walk,Public shelter,High,Low,No,Shared adult household,None,High,Limited,1.5,10,1.3,0,0,1,0,0,0,0,0,0,0,1,0,0,1,1,1,0.9,0.75,,,reasoning_implies_vehicle_without_access,reasoning_implies_vehicle_without_access
ACS-055-baseline-r1,baseline,ACS-055,1,Evacuate now,Private vehicle,Friend/relative home,High,Lower-middle,Yes,Two-adult household,None,High,Limited,1.5,10,1.3,0,0,1,0,0,0,0,0,0,0,0,0,0,0,1,1,1.0,1.0,,,,
ACS-055-spatial_grounded-r1,spatial_grounded,ACS-055,1,Evacuate now,Private vehicle,Public shelter,High,Lower-middle,Yes,Two-adult household,None,High,Limited,1.5,10,1.3,0,0,1,0,0,0,0,0,0,0,0,0,0,0,1,1,1.0,1.0,,,,
ACS-056-baseline-r1,baseline,ACS-056,1,Evacuate now,Private vehicle,Friend/relative home,High,Lower-middle,Yes,Two-adult household,None,High,Limited,1.5,10,1.3,0,0,1,0,0,0,0,0,0,0,0,0,0,0,1,1,1.0,1.0,,,,
ACS-056-spatial_grounded-r1,spatial_grounded,ACS-056,1,Evacuate now,Private vehicle,Public shelter,High,Lower-middle,Yes,Two-adult household,None,High,Limited,1.5,10,1.3,0,0,1,0,0,0,0,0,0,0,0,0,0,0,1,1,1.0,1.0,,,,
ACS-057-baseline-r1,baseline,ACS-057,1,Evacuate now,Private vehicle,Friend/relative home,High,Lower-middle,Yes,Shared adult household,None,High,Limited,1.5,10,1.3,0,0,1,0,0,0,0,0,0,0,0,0,0,0,1,1,1.0,1.0,,,,
ACS-057-spatial_grounded-r1,spatial_grounded,ACS-057,1,Evacuate now,Private vehicle,Public shelter,High,Lower-middle,Yes,Shared adult household,None,High,Limited,1.5,10,1.3,0,0,1,0,0,0,0,0,0,0,0,0,0,0,1,1,1.0,1.0,,,,
ACS-058-baseline-r1,baseline,ACS-058,1,Evacuate now,Public transit,Friend/relative home,High,Low,No,Two-adult household,None,High,Limited,1.5,10,1.3,0,0,1,0,0,1,0,1,0,1,1,0,1,1,0,1,0.75,0.75,,mode_public_transit_low_access,reasoning_implies_vehicle_without_access,mode_public_transit_low_access; reasoning_implies_vehicle_without_access
ACS-058-spatial_grounded-r1,spatial_grounded,ACS-058,1,Evacuate now,Walk,Public shelter,High,Low,No,Two-adult household,None,High,Limited,1.5,10,1.3,0,0,1,0,0,0,0,0,0,0,1,0,0,1,1,1,0.9,0.75,,,reasoning_implies_vehicle_without_access,reasoning_implies_vehicle_without_access
ACS-059-baseline-r1,baseline,ACS-059,1,Evacuate now,Private vehicle,Friend/relative home,High,Lower-middle,Yes,Shared adult household,None,High,Limited,1.5,10,1.3,0,0,1,0,0,0,0,0,0,0,0,0,0,0,1,1,1.0,1.0,,,,
ACS-059-spatial_grounded-r1,spatial_grounded,ACS-059,1,Evacuate now,Private vehicle,Public shelter,High,Lower-middle,Yes,Shared adult household,None,High,Limited,1.5,10,1.3,0,0,1,0,0,0,0,0,0,0,0,0,0,0,1,1,1.0,1.0,,,,
ACS-060-baseline-r1,baseline,ACS-060,1,Evacuate now,Private vehicle,Friend/relative home,High,Lower-middle,Yes,Two-adult household,None,High,Limited,1.5,10,1.3,0,0,1,0,0,0,0,0,0,0,0,0,0,0,1,1,1.0,1.0,,,,
ACS-060-spatial_grounded-r1,spatial_grounded,ACS-060,1,Evacuate now,Private vehicle,Public shelter,High,Lower-middle,Yes,Two-adult household,None,High,Limited,1.5,10,1.3,0,0,1,0,0,0,0,0,0,0,0,0,0,0,1,1,1.0,1.0,,,,
ACS-061-baseline-r1,baseline,ACS-061,1,Evacuate now,Public transit,Friend/relative home,High,Middle,No,Single adult household,None,High,Good,2.3,15,1.9,0,0,0,0,0,0,0,0,0,0,1,0,0,1,1,1,0.9,0.75,,,reasoning_implies_vehicle_without_access,reasoning_implies_vehicle_without_access
ACS-061-spatial_grounded-r1,spatial_grounded,ACS-061,1,Evacuate now,Public transit,Public shelter,High,Middle,No,Single adult household,None,High,Good,2.3,15,1.9,0,0,0,0,0,0,0,0,0,0,1,0,0,1,1,1,0.9,0.75,,,reasoning_implies_vehicle_without_access,reasoning_implies_vehicle_without_access
ACS-062-baseline-r1,baseline,ACS-062,1,Evacuate now,Public transit,Friend/relative home,High,Lower-middle,No,Two-adult household,None,High,Good,2.3,15,1.9,0,0,1,0,0,0,0,0,0,0,1,0,0,1,1,1,0.9,0.75,,,reasoning_implies_vehicle_without_access,reasoning_implies_vehicle_without_access
ACS-062-spatial_grounded-r1,spatial_grounded,ACS-062,1,Evacuate now,Public transit,Public shelter,High,Lower-middle,No,Two-adult household,None,High,Good,2.3,15,1.9,0,0,1,0,0,0,0,0,0,0,1,0,0,1,1,1,0.9,0.75,,,reasoning_implies_vehicle_without_access,reasoning_implies_vehicle_without_access
ACS-063-baseline-r1,baseline,ACS-063,1,Evacuate now,Private vehicle,Friend/relative home,High,Low,Yes,Shared adult household,None,High,Good,2.3,15,1.9,0,0,1,0,0,0,0,0,0,0,0,0,0,0,1,1,1.0,1.0,,,,
ACS-063-spatial_grounded-r1,spatial_grounded,ACS-063,1,Evacuate now,Private vehicle,Public shelter,High,Low,Yes,Shared adult household,None,High,Good,2.3,15,1.9,0,0,1,0,0,0,0,0,0,0,0,0,0,0,1,1,1.0,1.0,,,,
ACS-064-baseline-r1,baseline,ACS-064,1,Evacuate now,Public transit,Friend/relative home,High,Lower-middle,No,Two-adult household,None,High,Good,2.3,15,1.9,0,0,1,0,0,0,0,0,0,0,1,0,0,1,1,1,0.9,0.75,,,reasoning_implies_vehicle_without_access,reasoning_implies_vehicle_without_access
ACS-064-spatial_grounded-r1,spatial_grounded,ACS-064,1,Evacuate now,Public transit,Public shelter,High,Lower-middle,No,Two-adult household,None,High,Good,2.3,15,1.9,0,0,1,0,0,0,0,0,0,0,1,0,0,1,1,1,0.9,0.75,,,reasoning_implies_vehicle_without_access,reasoning_implies_vehicle_without_access
ACS-065-baseline-r1,baseline,ACS-065,1,Evacuate now,Private vehicle,Friend/relative home,High,Low,Yes,Single adult household,None,High,Good,2.3,15,1.9,0,0,1,0,0,0,0,0,0,0,0,0,0,0,1,1,1.0,1.0,,,,
ACS-065-spatial_grounded-r1,spatial_grounded,ACS-065,1,Evacuate now,Private vehicle,Public shelter,High,Low,Yes,Single adult household,None,High,Good,2.3,15,1.9,0,0,1,0,0,0,0,0,0,0,0,0,0,0,1,1,1.0,1.0,,,,
ACS-066-baseline-r1,baseline,ACS-066,1,Evacuate now,Public transit,Friend/relative home,High,Low,No,Two-adult household,None,High,Good,2.3,15,1.9,0,0,1,0,0,0,0,0,0,0,1,0,0,1,1,1,0.9,0.75,,,reasoning_implies_vehicle_without_access,reasoning_implies_vehicle_without_access
ACS-066-spatial_grounded-r1,spatial_grounded,ACS-066,1,Evacuate now,Public transit,Public shelter,High,Low,No,Two-adult household,None,High,Good,2.3,15,1.9,0,0,1,0,0,0,0,0,0,0,1,0,0,1,1,1,0.9,0.75,,,reasoning_implies_vehicle_without_access,reasoning_implies_vehicle_without_access
ACS-067-baseline-r1,baseline,ACS-067,1,Evacuate now,Public transit,Friend/relative home,High,Lower-middle,No,Single adult household,None,High,Good,2.3,15,1.9,0,0,1,0,0,0,0,0,0,0,1,0,0,1,1,1,0.9,0.75,,,reasoning_implies_vehicle_without_access,reasoning_implies_vehicle_without_access
ACS-067-spatial_grounded-r1,spatial_grounded,ACS-067,1,Evacuate now,Public transit,Public shelter,High,Lower-middle,No,Single adult household,None,High,Good,2.3,15,1.9,0,0,1,0,0,0,0,0,0,0,1,0,0,1,1,1,0.9,0.75,,,reasoning_implies_vehicle_without_access,reasoning_implies_vehicle_without_access
ACS-068-baseline-r1,baseline,ACS-068,1,Evacuate now,Public transit,Friend/relative home,High,Low,No,Single adult household,None,High,Good,2.3,15,1.9,0,0,1,0,0,0,0,0,0,0,1,0,0,1,1,1,0.9,0.75,,,reasoning_implies_vehicle_without_access,reasoning_implies_vehicle_without_access
ACS-068-spatial_grounded-r1,spatial_grounded,ACS-068,1,Evacuate now,Public transit,Public shelter,High,Low,No,Single adult household,None,High,Good,2.3,15,1.9,0,0,1,0,0,0,0,0,0,0,1,0,0,1,1,1,0.9,0.75,,,reasoning_implies_vehicle_without_access,reasoning_implies_vehicle_without_access
ACS-069-baseline-r1,baseline,ACS-069,1,Evacuate now,Public transit,Public shelter,High,Low,No,Single adult household,Older adult mobility or medication needs,High,Good,2.3,15,1.9,0,1,1,0,0,0,0,0,0,0,1,0,0,1,1,1,0.9,0.75,,,reasoning_implies_vehicle_without_access,reasoning_implies_vehicle_without_access
ACS-069-spatial_grounded-r1,spatial_grounded,ACS-069,1,Evacuate now,Public transit,Public shelter,High,Low,No,Single adult household,Older adult mobility or medication needs,High,Good,2.3,15,1.9,0,1,1,0,0,0,0,0,0,0,1,0,0,1,1,1,0.9,0.75,,,reasoning_implies_vehicle_without_access,reasoning_implies_vehicle_without_access
ACS-070-baseline-r1,baseline,ACS-070,1,Evacuate now,Private vehicle,Friend/relative home,High,Middle,Yes,Two-adult household,None,High,Good,2.3,15,1.9,0,0,0,0,0,0,0,0,0,0,0,0,0,0,1,1,1.0,1.0,,,,
ACS-070-spatial_grounded-r1,spatial_grounded,ACS-070,1,Evacuate now,Private vehicle,Public shelter,High,Middle,Yes,Two-adult household,None,High,Good,2.3,15,1.9,0,0,0,0,0,0,0,0,0,0,0,0,0,0,1,1,1.0,1.0,,,,
ACS-071-baseline-r1,baseline,ACS-071,1,Evacuate now,Private vehicle,Friend/relative home,High,Low,Yes,Two-adult household,None,High,None,3.1,20,2.5,0,0,1,0,0,0,0,0,0,0,0,0,0,0,1,1,1.0,1.0,,,,
ACS-071-spatial_grounded-r1,spatial_grounded,ACS-071,1,Evacuate now,Private vehicle,Public shelter,High,Low,Yes,Two-adult household,None,High,None,3.1,20,2.5,0,0,1,0,0,0,0,0,0,0,0,0,0,0,1,1,1.0,1.0,,,,
ACS-072-baseline-r1,baseline,ACS-072,1,Evacuate now,Private vehicle,Friend/relative home,High,Low,Yes,Shared adult household,None,High,None,3.1,20,2.5,0,0,1,0,0,0,0,0,0,0,0,0,0,0,1,1,1.0,1.0,,,,
ACS-072-spatial_grounded-r1,spatial_grounded,ACS-072,1,Evacuate now,Private vehicle,Public shelter,High,Low,Yes,Shared adult household,None,High,None,3.1,20,2.5,0,0,1,0,0,0,0,0,0,0,0,0,0,0,1,1,1.0,1.0,,,,
ACS-073-baseline-r1,baseline,ACS-073,1,Evacuate now,Private vehicle,Friend/relative home,High,Middle,Yes,Two-adult household,None,High,None,3.1,20,2.5,0,0,0,0,0,0,0,0,0,0,0,0,0,0,1,1,1.0,1.0,,,,
ACS-073-spatial_grounded-r1,spatial_grounded,ACS-073,1,Evacuate now,Private vehicle,Public shelter,High,Middle,Yes,Two-adult household,None,High,None,3.1,20,2.5,0,0,0,0,0,0,0,0,0,0,0,0,0,0,1,1,1.0,1.0,,,,
ACS-074-baseline-r1,baseline,ACS-074,1,Evacuate now,Private vehicle,Friend/relative home,High,Low,Yes,Two-adult household,None,High,None,3.1,20,2.5,0,0,1,0,0,0,0,0,0,0,0,0,0,0,1,1,1.0,1.0,,,,
ACS-074-spatial_grounded-r1,spatial_grounded,ACS-074,1,Evacuate now,Private vehicle,Public shelter,High,Low,Yes,Two-adult household,None,High,None,3.1,20,2.5,0,0,1,0,0,0,0,0,0,0,0,0,0,0,1,1,1.0,1.0,,,,
ACS-075-baseline-r1,baseline,ACS-075,1,Evacuate now,Private vehicle,Friend/relative home,High,Low,Yes,Shared adult household,None,High,None,3.1,20,2.5,0,0,1,0,0,0,0,0,0,0,0,0,0,0,1,1,1.0,1.0,,,,
ACS-075-spatial_grounded-r1,spatial_grounded,ACS-075,1,Evacuate now,Private vehicle,Public shelter,High,Low,Yes,Shared adult household,None,High,None,3.1,20,2.5,0,0,1,0,0,0,0,0,0,0,0,0,0,0,1,1,1.0,1.0,,,,
ACS-076-baseline-r1,baseline,ACS-076,1,Evacuate now,Private vehicle,Friend/relative home,High,Low,Yes,Two-adult household,None,High,None,3.1,20,2.5,0,0,1,0,0,0,0,0,0,0,0,0,0,0,1,1,1.0,1.0,,,,
ACS-076-spatial_grounded-r1,spatial_grounded,ACS-076,1,Evacuate now,Private vehicle,Public shelter,High,Low,Yes,Two-adult household,None,High,None,3.1,20,2.5,0,0,1,0,0,0,0,0,0,0,0,0,0,0,1,1,1.0,1.0,,,,
ACS-077-baseline-r1,baseline,ACS-077,1,Evacuate now,Private vehicle,Friend/relative home,High,Lower-middle,Yes,Two-adult household,None,High,None,3.1,20,2.5,0,0,1,0,0,0,0,0,0,0,0,0,0,0,1,1,1.0,1.0,,,,
ACS-077-spatial_grounded-r1,spatial_grounded,ACS-077,1,Evacuate now,Private vehicle,Public shelter,High,Lower-middle,Yes,Two-adult household,None,High,None,3.1,20,2.5,0,0,1,0,0,0,0,0,0,0,0,0,0,0,1,1,1.0,1.0,,,,
ACS-078-baseline-r1,baseline,ACS-078,1,Evacuate now,Private vehicle,Friend/relative home,High,Lower-middle,Yes,Two-adult household,None,High,None,3.1,20,2.5,0,0,1,0,0,0,0,0,0,0,0,0,0,0,1,1,1.0,1.0,,,,
ACS-078-spatial_grounded-r1,spatial_grounded,ACS-078,1,Evacuate now,Private vehicle,Public shelter,High,Lower-middle,Yes,Two-adult household,None,High,None,3.1,20,2.5,0,0,1,0,0,0,0,0,0,0,0,0,0,0,1,1,1.0,1.0,,,,
ACS-079-baseline-r1,baseline,ACS-079,1,Evacuate now,Private vehicle,Friend/relative home,High,Lower-middle,Yes,Shared adult household,None,High,None,3.1,20,2.5,0,0,1,0,0,0,0,0,0,0,0,0,0,0,1,1,1.0,1.0,,,,
ACS-079-spatial_grounded-r1,spatial_grounded,ACS-079,1,Evacuate now,Private vehicle,Public shelter,High,Lower-middle,Yes,Shared adult household,None,High,None,3.1,20,2.5,0,0,1,0,0,0,0,0,0,0,0,0,0,0,1,1,1.0,1.0,,,,
ACS-080-baseline-r1,baseline,ACS-080,1,Evacuate now,Private vehicle,Friend/relative home,High,Lower-middle,Yes,Shared adult household,None,High,None,3.1,20,2.5,0,0,1,0,0,0,0,0,0,0,0,0,0,0,1,1,1.0,1.0,,,,
ACS-080-spatial_grounded-r1,spatial_grounded,ACS-080,1,Evacuate now,Private vehicle,Public shelter,High,Lower-middle,Yes,Shared adult household,None,High,None,3.1,20,2.5,0,0,1,0,0,0,0,0,0,0,0,0,0,0,1,1,1.0,1.0,,,,
ACS-081-baseline-r1,baseline,ACS-081,1,Evacuate now,Public transit,Friend/relative home,High,Low,No,Single adult household,None,High,Moderate,3.9,25,3.1,0,0,1,0,0,0,0,0,0,0,1,0,0,1,1,1,0.9,0.75,,,reasoning_implies_vehicle_without_access,reasoning_implies_vehicle_without_access
ACS-081-spatial_grounded-r1,spatial_grounded,ACS-081,1,Evacuate now,Public transit,Public shelter,High,Low,No,Single adult household,None,High,Moderate,3.9,25,3.1,0,0,1,0,0,0,0,0,0,0,1,0,0,1,1,1,0.9,0.75,,,reasoning_implies_vehicle_without_access,reasoning_implies_vehicle_without_access
ACS-082-baseline-r1,baseline,ACS-082,1,Evacuate now,Private vehicle,Friend/relative home,High,Upper-middle,Yes,Single adult household,None,High,Moderate,3.9,25,3.1,0,0,0,0,0,0,0,0,0,0,0,0,0,0,1,1,1.0,1.0,,,,
ACS-082-spatial_grounded-r1,spatial_grounded,ACS-082,1,Evacuate now,Private vehicle,Public shelter,High,Upper-middle,Yes,Single adult household,None,High,Moderate,3.9,25,3.1,0,0,0,0,0,0,0,0,0,0,0,0,0,0,1,1,1.0,1.0,,,,
ACS-083-baseline-r1,baseline,ACS-083,1,Evacuate now,Public transit,Friend/relative home,High,Lower-middle,No,Two-adult household,None,High,Moderate,3.9,25,3.1,0,0,1,0,0,0,0,0,0,0,1,0,0,1,1,1,0.9,0.75,,,reasoning_implies_vehicle_without_access,reasoning_implies_vehicle_without_access
ACS-083-spatial_grounded-r1,spatial_grounded,ACS-083,1,Evacuate now,Public transit,Public shelter,High,Lower-middle,No,Two-adult household,None,High,Moderate,3.9,25,3.1,0,0,1,0,0,0,0,0,0,0,1,0,0,1,1,1,0.9,0.75,,,reasoning_implies_vehicle_without_access,reasoning_implies_vehicle_without_access
ACS-084-baseline-r1,baseline,ACS-084,1,Evacuate now,Private vehicle,Friend/relative home,High,Middle,Yes,Two-adult household,None,High,Moderate,3.9,25,3.1,0,0,0,0,0,0,0,0,0,0,0,0,0,0,1,1,1.0,1.0,,,,
ACS-084-spatial_grounded-r1,spatial_grounded,ACS-084,1,Evacuate now,Private vehicle,Public shelter,High,Middle,Yes,Two-adult household,None,High,Moderate,3.9,25,3.1,0,0,0,0,0,0,0,0,0,0,0,0,0,0,1,1,1.0,1.0,,,,
ACS-085-baseline-r1,baseline,ACS-085,1,Evacuate now,Private vehicle,Friend/relative home,High,Lower-middle,Yes,Single adult household,None,High,Moderate,3.9,25,3.1,0,0,1,0,0,0,0,0,0,0,0,0,0,0,1,1,1.0,1.0,,,,
ACS-085-spatial_grounded-r1,spatial_grounded,ACS-085,1,Evacuate now,Private vehicle,Public shelter,High,Lower-middle,Yes,Single adult household,None,High,Moderate,3.9,25,3.1,0,0,1,0,0,0,0,0,0,0,0,0,0,0,1,1,1.0,1.0,,,,
ACS-086-baseline-r1,baseline,ACS-086,1,Evacuate now,Public transit,Public shelter,High,Lower-middle,No,Single adult household,None,High,Moderate,3.9,25,3.1,0,0,1,0,0,0,0,0,0,0,1,0,0,1,1,1,0.9,0.75,,,reasoning_implies_vehicle_without_access,reasoning_implies_vehicle_without_access
ACS-086-spatial_grounded-r1,spatial_grounded,ACS-086,1,Evacuate now,Public transit,Public shelter,High,Lower-middle,No,Single adult household,None,High,Moderate,3.9,25,3.1,0,0,1,0,0,0,0,0,0,0,1,0,0,1,1,1,0.9,0.75,,,reasoning_implies_vehicle_without_access,reasoning_implies_vehicle_without_access
ACS-087-baseline-r1,baseline,ACS-087,1,Evacuate now,Public transit,Friend/relative home,High,Lower-middle,No,Single adult household,None,High,Moderate,3.9,25,3.1,0,0,1,0,0,0,0,0,0,0,1,0,0,1,1,1,0.9,0.75,,,reasoning_implies_vehicle_without_access,reasoning_implies_vehicle_without_access
ACS-087-spatial_grounded-r1,spatial_grounded,ACS-087,1,Evacuate now,Public transit,Public shelter,High,Lower-middle,No,Single adult household,None,High,Moderate,3.9,25,3.1,0,0,1,0,0,0,0,0,0,0,1,0,0,1,1,1,0.9,0.75,,,reasoning_implies_vehicle_without_access,reasoning_implies_vehicle_without_access
ACS-088-baseline-r1,baseline,ACS-088,1,Evacuate now,Private vehicle,Friend/relative home,High,Lower-middle,Yes,Single adult household,None,High,Moderate,3.9,25,3.1,0,0,1,0,0,0,0,0,0,0,0,0,0,0,1,1,1.0,1.0,,,,
ACS-088-spatial_grounded-r1,spatial_grounded,ACS-088,1,Evacuate now,Private vehicle,Public shelter,High,Lower-middle,Yes,Single adult household,None,High,Moderate,3.9,25,3.1,0,0,1,0,0,0,0,0,0,0,0,0,0,0,1,1,1.0,1.0,,,,
ACS-089-baseline-r1,baseline,ACS-089,1,Evacuate now,Public transit,Friend/relative home,High,Low,No,Two-adult household,None,High,Moderate,3.9,25,3.1,0,0,1,0,0,0,0,0,0,0,1,0,0,1,1,1,0.9,0.75,,,reasoning_implies_vehicle_without_access,reasoning_implies_vehicle_without_access
ACS-089-spatial_grounded-r1,spatial_grounded,ACS-089,1,Evacuate now,Public transit,Public shelter,High,Low,No,Two-adult household,None,High,Moderate,3.9,25,3.1,0,0,1,0,0,0,0,0,0,0,1,0,0,1,1,1,0.9,0.75,,,reasoning_implies_vehicle_without_access,reasoning_implies_vehicle_without_access
ACS-090-baseline-r1,baseline,ACS-090,1,Evacuate now,Private vehicle,Friend/relative home,High,Lower-middle,Yes,Single adult household,None,High,Moderate,3.9,25,3.1,0,0,1,0,0,0,0,0,0,0,0,0,0,0,1,1,1.0,1.0,,,,
ACS-090-spatial_grounded-r1,spatial_grounded,ACS-090,1,Evacuate now,Private vehicle,Public shelter,High,Lower-middle,Yes,Single adult household,None,High,Moderate,3.9,25,3.1,0,0,1,0,0,0,0,0,0,0,0,0,0,0,1,1,1.0,1.0,,,,
ACS-091-baseline-r1,baseline,ACS-091,1,Evacuate now,Public transit,Friend/relative home,High,Lower-middle,No,Single adult household,None,High,Moderate,4.7,30,0.7,0,0,1,0,0,0,0,0,0,0,1,0,0,1,1,1,0.9,0.75,,,reasoning_implies_vehicle_without_access,reasoning_implies_vehicle_without_access
ACS-091-spatial_grounded-r1,spatial_grounded,ACS-091,1,Evacuate now,Public transit,Public shelter,High,Lower-middle,No,Single adult household,None,High,Moderate,4.7,30,0.7,0,0,1,0,0,0,0,0,0,0,1,0,0,1,1,1,0.9,0.75,,,reasoning_implies_vehicle_without_access,reasoning_implies_vehicle_without_access
ACS-092-baseline-r1,baseline,ACS-092,1,Evacuate now,Public transit,Friend/relative home,High,Middle,No,Single adult household,None,High,Moderate,4.7,30,0.7,0,0,0,0,0,0,0,0,0,0,1,0,0,1,1,1,0.9,0.75,,,reasoning_implies_vehicle_without_access,reasoning_implies_vehicle_without_access
ACS-092-spatial_grounded-r1,spatial_grounded,ACS-092,1,Evacuate now,Public transit,Public shelter,High,Middle,No,Single adult household,None,High,Moderate,4.7,30,0.7,0,0,0,0,0,0,0,0,0,0,1,0,0,1,1,1,0.9,0.75,,,reasoning_implies_vehicle_without_access,reasoning_implies_vehicle_without_access
ACS-093-baseline-r1,baseline,ACS-093,1,Evacuate now,Private vehicle,Friend/relative home,High,Lower-middle,Yes,Shared adult household,None,High,Moderate,4.7,30,0.7,0,0,1,0,0,0,0,0,0,0,0,0,0,0,1,1,1.0,1.0,,,,
ACS-093-spatial_grounded-r1,spatial_grounded,ACS-093,1,Evacuate now,Private vehicle,Public shelter,High,Lower-middle,Yes,Shared adult household,None,High,Moderate,4.7,30,0.7,0,0,1,0,0,0,0,0,0,0,0,0,0,0,1,1,1.0,1.0,,,,
ACS-094-baseline-r1,baseline,ACS-094,1,Evacuate now,Public transit,Friend/relative home,High,Low,No,Single adult household,None,High,Moderate,4.7,30,0.7,0,0,1,0,0,0,0,0,0,0,1,0,0,1,1,1,0.9,0.75,,,reasoning_implies_vehicle_without_access,reasoning_implies_vehicle_without_access
ACS-094-spatial_grounded-r1,spatial_grounded,ACS-094,1,Evacuate now,Public transit,Public shelter,High,Low,No,Single adult household,None,High,Moderate,4.7,30,0.7,0,0,1,0,0,0,0,0,0,0,1,0,0,1,1,1,0.9,0.75,,,reasoning_implies_vehicle_without_access,reasoning_implies_vehicle_without_access
ACS-095-baseline-r1,baseline,ACS-095,1,Evacuate now,Private vehicle,Friend/relative home,High,Low,Yes,Two-adult household,None,High,Moderate,4.7,30,0.7,0,0,1,0,0,0,0,0,0,0,0,0,0,0,1,1,1.0,1.0,,,,
ACS-095-spatial_grounded-r1,spatial_grounded,ACS-095,1,Evacuate now,Private vehicle,Public shelter,High,Low,Yes,Two-adult household,None,High,Moderate,4.7,30,0.7,0,0,1,0,0,0,0,0,0,0,0,0,0,0,1,1,1.0,1.0,,,,
ACS-096-baseline-r1,baseline,ACS-096,1,Evacuate now,Private vehicle,Friend/relative home,High,Lower-middle,Yes,Two-adult household,None,High,Moderate,4.7,30,0.7,0,0,1,0,0,0,0,0,0,0,0,0,0,0,1,1,1.0,1.0,,,,
ACS-096-spatial_grounded-r1,spatial_grounded,ACS-096,1,Evacuate now,Private vehicle,Public shelter,High,Lower-middle,Yes,Two-adult household,None,High,Moderate,4.7,30,0.7,0,0,1,0,0,0,0,0,0,0,0,0,0,0,1,1,1.0,1.0,,,,
ACS-097-baseline-r1,baseline,ACS-097,1,Evacuate now,Public transit,Friend/relative home,High,Low,No,Two-adult household,None,High,Moderate,4.7,30,0.7,0,0,1,0,0,0,0,0,0,0,1,0,0,1,1,1,0.9,0.75,,,reasoning_implies_vehicle_without_access,reasoning_implies_vehicle_without_access
ACS-097-spatial_grounded-r1,spatial_grounded,ACS-097,1,Evacuate now,Public transit,Public shelter,High,Low,No,Two-adult household,None,High,Moderate,4.7,30,0.7,0,0,1,0,0,0,0,0,0,0,1,0,0,1,1,1,0.9,0.75,,,reasoning_implies_vehicle_without_access,reasoning_implies_vehicle_without_access
ACS-098-baseline-r1,baseline,ACS-098,1,Evacuate now,Private vehicle,Friend/relative home,High,Low,Yes,Single adult household,None,High,Moderate,4.7,30,0.7,0,0,1,0,0,0,0,0,0,0,0,0,0,0,1,1,1.0,1.0,,,,
ACS-098-spatial_grounded-r1,spatial_grounded,ACS-098,1,Evacuate now,Private vehicle,Public shelter,High,Low,Yes,Single adult household,None,High,Moderate,4.7,30,0.7,0,0,1,0,0,0,0,0,0,0,0,0,0,0,1,1,1.0,1.0,,,,
ACS-099-baseline-r1,baseline,ACS-099,1,Evacuate now,Private vehicle,Friend/relative home,High,Lower-middle,Yes,Single adult household,None,High,Moderate,4.7,30,0.7,0,0,1,0,0,0,0,0,0,0,0,0,0,0,1,1,1.0,1.0,,,,
ACS-099-spatial_grounded-r1,spatial_grounded,ACS-099,1,Evacuate now,Private vehicle,Public shelter,High,Lower-middle,Yes,Single adult household,None,High,Moderate,4.7,30,0.7,0,0,1,0,0,0,0,0,0,0,0,0,0,0,1,1,1.0,1.0,,,,
ACS-100-baseline-r1,baseline,ACS-100,1,Evacuate now,Public transit,Friend/relative home,High,Low,No,Single adult household,None,High,Moderate,4.7,30,0.7,0,0,1,0,0,0,0,0,0,0,1,0,0,1,1,1,0.9,0.75,,,reasoning_implies_vehicle_without_access,reasoning_implies_vehicle_without_access
ACS-100-spatial_grounded-r1,spatial_grounded,ACS-100,1,Evacuate now,Public transit,Public shelter,High,Low,No,Single adult household,None,High,Moderate,4.7,30,0.7,0,0,1,0,0,0,0,0,0,0,1,0,0,1,1,1,0.9,0.75,,,reasoning_implies_vehicle_without_access,reasoning_implies_vehicle_without_access
ACS-101-baseline-r1,baseline,ACS-101,1,Evacuate now,Private vehicle,Friend/relative home,High,Lower-middle,Yes,Two-adult household,None,High,Good,5.5,35,1.3,0,0,1,0,0,0,0,0,0,0,0,0,0,0,1,1,1.0,1.0,,,,
ACS-101-spatial_grounded-r1,spatial_grounded,ACS-101,1,Evacuate now,Private vehicle,Public shelter,High,Lower-middle,Yes,Two-adult household,None,High,Good,5.5,35,1.3,0,0,1,0,0,0,0,0,0,0,0,0,0,0,1,1,1.0,1.0,,,,
ACS-102-baseline-r1,baseline,ACS-102,1,Evacuate now,Public transit,Friend/relative home,High,Lower-middle,No,Single adult household,None,High,Good,5.5,35,1.3,0,0,1,0,0,0,0,0,0,0,1,0,0,1,1,1,0.9,0.75,,,reasoning_implies_vehicle_without_access,reasoning_implies_vehicle_without_access
ACS-102-spatial_grounded-r1,spatial_grounded,ACS-102,1,Evacuate now,Public transit,Public shelter,High,Lower-middle,No,Single adult household,None,High,Good,5.5,35,1.3,0,0,1,0,0,0,0,0,0,0,1,0,0,1,1,1,0.9,0.75,,,reasoning_implies_vehicle_without_access,reasoning_implies_vehicle_without_access
ACS-103-baseline-r1,baseline,ACS-103,1,Evacuate now,Private vehicle,Friend/relative home,High,Lower-middle,Yes,Two-adult household,None,High,Good,5.5,35,1.3,0,0,1,0,0,0,0,0,0,0,0,0,0,0,1,1,1.0,1.0,,,,
ACS-103-spatial_grounded-r1,spatial_grounded,ACS-103,1,Evacuate now,Private vehicle,Public shelter,High,Lower-middle,Yes,Two-adult household,None,High,Good,5.5,35,1.3,0,0,1,0,0,0,0,0,0,0,0,0,0,0,1,1,1.0,1.0,,,,
ACS-104-baseline-r1,baseline,ACS-104,1,Evacuate now,Public transit,Friend/relative home,High,Lower-middle,No,Household with children,Child caregiving responsibilities,High,Good,5.5,35,1.3,1,1,1,0,0,0,0,0,0,0,1,0,0,1,1,1,0.9,0.75,,,reasoning_implies_vehicle_without_access,reasoning_implies_vehicle_without_access
ACS-104-spatial_grounded-r1,spatial_grounded,ACS-104,1,Evacuate now,Public transit,Public shelter,High,Lower-middle,No,Household with children,Child caregiving responsibilities,High,Good,5.5,35,1.3,1,1,1,0,0,0,0,0,0,0,1,0,0,1,1,1,0.9,0.75,,,reasoning_implies_vehicle_without_access,reasoning_implies_vehicle_without_access
ACS-105-baseline-r1,baseline,ACS-105,1,Evacuate now,Private vehicle,Friend/relative home,High,Middle,Yes,Single adult household,None,High,Good,5.5,35,1.3,0,0,0,0,0,0,0,0,0,0,0,0,0,0,1,1,1.0,1.0,,,,
ACS-105-spatial_grounded-r1,spatial_grounded,ACS-105,1,Evacuate now,Private vehicle,Public shelter,High urgency,Middle,Yes,Single adult household,None,High,Good,5.5,35,1.3,0,0,0,0,0,0,0,0,0,0,0,0,0,0,1,1,1.0,1.0,,,,
ACS-106-baseline-r1,baseline,ACS-106,1,Evacuate now,Public transit,Friend/relative home,High,Middle,No,Shared adult household,None,High,Good,5.5,35,1.3,0,0,0,0,0,0,0,0,0,0,1,0,0,1,1,1,0.9,0.75,,,reasoning_implies_vehicle_without_access,reasoning_implies_vehicle_without_access
ACS-106-spatial_grounded-r1,spatial_grounded,ACS-106,1,Evacuate now,Public transit,Public shelter,High,Middle,No,Shared adult household,None,High,Good,5.5,35,1.3,0,0,0,0,0,0,0,0,0,0,2,0,0,1,1,1,0.8,0.5,,,reasoning_implies_vehicle_without_access; reasoning_calls_distant_shelter_nearby,reasoning_implies_vehicle_without_access; reasoning_calls_distant_shelter_nearby
ACS-107-baseline-r1,baseline,ACS-107,1,Evacuate now,Private vehicle,Friend/relative home,High,Low,Yes,Two-adult household,Older adult mobility or medication needs,High,Good,5.5,35,1.3,0,1,1,0,0,0,0,0,0,0,0,0,0,0,1,1,1.0,1.0,,,,
ACS-107-spatial_grounded-r1,spatial_grounded,ACS-107,1,Evacuate now,Private vehicle,Public shelter,High,Low,Yes,Two-adult household,Older adult mobility or medication needs,High,Good,5.5,35,1.3,0,1,1,0,0,0,0,0,0,0,0,0,0,0,1,1,1.0,1.0,,,,
ACS-108-baseline-r1,baseline,ACS-108,1,Evacuate now,Public transit,Friend/relative home,High,Lower-middle,No,Household with children,Child caregiving responsibilities,High,Good,5.5,35,1.3,1,1,1,0,0,0,0,0,0,0,1,0,0,1,1,1,0.9,0.75,,,reasoning_implies_vehicle_without_access,reasoning_implies_vehicle_without_access
ACS-108-spatial_grounded-r1,spatial_grounded,ACS-108,1,Evacuate now,Public transit,Public shelter,High,Lower-middle,No,Household with children,Child caregiving responsibilities,High,Good,5.5,35,1.3,1,1,1,0,0,0,0,0,0,0,1,0,0,1,1,1,0.9,0.75,,,reasoning_implies_vehicle_without_access,reasoning_implies_vehicle_without_access
ACS-109-baseline-r1,baseline,ACS-109,1,Evacuate now,Public transit,Friend/relative home,High,Middle,No,Two-adult household,None,High,Good,5.5,35,1.3,0,0,0,0,0,0,0,0,0,0,1,0,0,1,1,1,0.9,0.75,,,reasoning_implies_vehicle_without_access,reasoning_implies_vehicle_without_access
ACS-109-spatial_grounded-r1,spatial_grounded,ACS-109,1,Evacuate now,Public transit,Public shelter,High,Middle,No,Two-adult household,None,High,Good,5.5,35,1.3,0,0,0,0,0,0,0,0,0,0,1,0,0,1,1,1,0.9,0.75,,,reasoning_implies_vehicle_without_access,reasoning_implies_vehicle_without_access
ACS-110-baseline-r1,baseline,ACS-110,1,Evacuate now,Private vehicle,Friend/relative home,High,Middle,Yes,Two-adult household,None,High,Good,5.5,35,1.3,0,0,0,0,0,0,0,0,0,0,0,0,0,0,1,1,1.0,1.0,,,,
ACS-110-spatial_grounded-r1,spatial_grounded,ACS-110,1,Evacuate now,Private vehicle,Public shelter,High,Middle,Yes,Two-adult household,None,High,Good,5.5,35,1.3,0,0,0,0,0,0,0,0,0,0,0,0,0,0,1,1,1.0,1.0,,,,
ACS-111-baseline-r1,baseline,ACS-111,1,Evacuate now,Private vehicle,Friend/relative home,High,Lower-middle,Yes,Shared adult household,None,High,Good,1.5,10,1.9,0,0,1,0,0,0,0,0,0,0,0,0,0,0,1,1,1.0,1.0,,,,
ACS-111-spatial_grounded-r1,spatial_grounded,ACS-111,1,Evacuate now,Private vehicle,Public shelter,High,Lower-middle,Yes,Shared adult household,None,High,Good,1.5,10,1.9,0,0,1,0,0,0,0,0,0,0,0,0,0,0,1,1,1.0,1.0,,,,
ACS-112-baseline-r1,baseline,ACS-112,1,Evacuate now,Private vehicle,Friend/relative home,High,Lower-middle,Yes,Two-adult household,None,High,Good,1.5,10,1.9,0,0,1,0,0,0,0,0,0,0,0,0,0,0,1,1,1.0,1.0,,,,
ACS-112-spatial_grounded-r1,spatial_grounded,ACS-112,1,Evacuate now,Private vehicle,Public shelter,High,Lower-middle,Yes,Two-adult household,None,High,Good,1.5,10,1.9,0,0,1,0,0,0,0,0,0,0,0,0,0,0,1,1,1.0,1.0,,,,
ACS-113-baseline-r1,baseline,ACS-113,1,Evacuate now,Public transit,Friend/relative home,High,Lower-middle,No,Shared adult household,None,High,Good,1.5,10,1.9,0,0,1,0,0,0,0,0,0,0,1,0,0,1,1,1,0.9,0.75,,,reasoning_implies_vehicle_without_access,reasoning_implies_vehicle_without_access
ACS-113-spatial_grounded-r1,spatial_grounded,ACS-113,1,Evacuate now,Public transit,Public shelter,High,Lower-middle,No,Shared adult household,None,High,Good,1.5,10,1.9,0,0,1,0,0,0,0,0,0,0,1,0,0,1,1,1,0.9,0.75,,,reasoning_implies_vehicle_without_access,reasoning_implies_vehicle_without_access
ACS-114-baseline-r1,baseline,ACS-114,1,Evacuate now,Private vehicle,Friend/relative home,High,Middle,Yes,Shared adult household,None,High,Good,1.5,10,1.9,0,0,0,0,0,0,0,0,0,0,0,0,0,0,1,1,1.0,1.0,,,,
ACS-114-spatial_grounded-r1,spatial_grounded,ACS-114,1,Evacuate now,Private vehicle,Public shelter,High,Middle,Yes,Shared adult household,None,High,Good,1.5,10,1.9,0,0,0,0,0,0,0,0,0,0,0,0,0,0,1,1,1.0,1.0,,,,
ACS-115-baseline-r1,baseline,ACS-115,1,Evacuate now,Private vehicle,Friend/relative home,High,Low,Yes,Two-adult household,None,High,Good,1.5,10,1.9,0,0,1,0,0,0,0,0,0,0,0,0,0,0,1,1,1.0,1.0,,,,
ACS-115-spatial_grounded-r1,spatial_grounded,ACS-115,1,Evacuate now,Private vehicle,Public shelter,High,Low,Yes,Two-adult household,None,High,Good,1.5,10,1.9,0,0,1,0,0,0,0,0,0,0,0,0,0,0,1,1,1.0,1.0,,,,
ACS-116-baseline-r1,baseline,ACS-116,1,Evacuate now,Public transit,Public shelter,High,Low,No,Household with children,Child caregiving responsibilities,High,Good,1.5,10,1.9,1,1,1,0,0,0,0,0,0,0,1,0,0,1,1,1,0.9,0.75,,,reasoning_implies_vehicle_without_access,reasoning_implies_vehicle_without_access
ACS-116-spatial_grounded-r1,spatial_grounded,ACS-116,1,Evacuate now,Public transit,Public shelter,High,Low,No,Household with children,Child caregiving responsibilities,High,Good,1.5,10,1.9,1,1,1,0,0,0,0,0,0,0,1,0,0,1,1,1,0.9,0.75,,,reasoning_implies_vehicle_without_access,reasoning_implies_vehicle_without_access
ACS-117-baseline-r1,baseline,ACS-117,1,Evacuate now,Private vehicle,Friend/relative home,High,Lower-middle,Yes,Shared adult household,None,High,Good,1.5,10,1.9,0,0,1,0,0,0,0,0,0,0,0,0,0,0,1,1,1.0,1.0,,,,
ACS-117-spatial_grounded-r1,spatial_grounded,ACS-117,1,Evacuate now,Private vehicle,Public shelter,High,Lower-middle,Yes,Shared adult household,None,High,Good,1.5,10,1.9,0,0,1,0,0,0,0,0,0,0,0,0,0,0,1,1,1.0,1.0,,,,
ACS-118-baseline-r1,baseline,ACS-118,1,Evacuate now,Public transit,Friend/relative home,High,Lower-middle,No,Two-adult household,None,High,Good,1.5,10,1.9,0,0,1,0,0,0,0,0,0,0,1,0,0,1,1,1,0.9,0.75,,,reasoning_implies_vehicle_without_access,reasoning_implies_vehicle_without_access
ACS-118-spatial_grounded-r1,spatial_grounded,ACS-118,1,Evacuate now,Public transit,Public shelter,High,Lower-middle,No,Two-adult household,None,High,Good,1.5,10,1.9,0,0,1,0,0,0,0,0,0,0,1,0,0,1,1,1,0.9,0.75,,,reasoning_implies_vehicle_without_access,reasoning_implies_vehicle_without_access
ACS-119-baseline-r1,baseline,ACS-119,1,Evacuate now,Public transit,Friend/relative home,High,Low,No,Two-adult household,None,High,Good,1.5,10,1.9,0,0,1,0,0,0,0,0,0,0,1,0,0,1,1,1,0.9,0.75,,,reasoning_implies_vehicle_without_access,reasoning_implies_vehicle_without_access
ACS-119-spatial_grounded-r1,spatial_grounded,ACS-119,1,Evacuate now,Public transit,Public shelter,High,Low,No,Two-adult household,None,High,Good,1.5,10,1.9,0,0,1,0,0,0,0,0,0,0,1,0,0,1,1,1,0.9,0.75,,,reasoning_implies_vehicle_without_access,reasoning_implies_vehicle_without_access
ACS-120-baseline-r1,baseline,ACS-120,1,Evacuate now,Public transit,Friend/relative home,High,Lower-middle,No,Shared adult household,None,High,Good,1.5,10,1.9,0,0,1,0,0,0,0,0,0,0,1,0,0,1,1,1,0.9,0.75,,,reasoning_implies_vehicle_without_access,reasoning_implies_vehicle_without_access
ACS-120-spatial_grounded-r1,spatial_grounded,ACS-120,1,Evacuate now,Public transit,Public shelter,High,Lower-middle,No,Shared adult household,None,High,Good,1.5,10,1.9,0,0,1,0,0,0,0,0,0,0,1,0,0,1,1,1,0.9,0.75,,,reasoning_implies_vehicle_without_access,reasoning_implies_vehicle_without_access
ACS-121-baseline-r1,baseline,ACS-121,1,Evacuate now,Private vehicle,Friend/relative home,High,Middle,Yes,Two-adult household,None,Moderate,Limited,2.3,15,2.5,0,0,0,0,0,0,0,0,0,0,0,0,0,0,1,1,1.0,1.0,,,,
ACS-121-spatial_grounded-r1,spatial_grounded,ACS-121,1,Evacuate now,Private vehicle,Public shelter,High,Middle,Yes,Two-adult household,None,Moderate,Limited,2.3,15,2.5,0,0,0,0,0,0,0,0,0,0,0,0,0,0,1,1,1.0,1.0,,,,
ACS-122-baseline-r1,baseline,ACS-122,1,Evacuate now,Private vehicle,Friend/relative home,High,Low,Yes,Two-adult household,None,Moderate,Limited,2.3,15,2.5,0,0,1,0,0,0,0,0,0,0,0,0,0,0,1,1,1.0,1.0,,,,
ACS-122-spatial_grounded-r1,spatial_grounded,ACS-122,1,Evacuate now,Private vehicle,Public shelter,High,Low,Yes,Two-adult household,None,Moderate,Limited,2.3,15,2.5,0,0,1,0,0,0,0,0,0,0,0,0,0,0,1,1,1.0,1.0,,,,
ACS-123-baseline-r1,baseline,ACS-123,1,Evacuate now,Private vehicle,Friend/relative home,High,Low,Yes,Two-adult household,None,Moderate,Limited,2.3,15,2.5,0,0,1,0,0,0,0,0,0,0,0,0,0,0,1,1,1.0,1.0,,,,
ACS-123-spatial_grounded-r1,spatial_grounded,ACS-123,1,Evacuate now,Private vehicle,Public shelter,High,Low,Yes,Two-adult household,None,Moderate,Limited,2.3,15,2.5,0,0,1,0,0,0,0,0,0,0,0,0,0,0,1,1,1.0,1.0,,,,
ACS-124-baseline-r1,baseline,ACS-124,1,Evacuate now,Public transit,Friend/relative home,High,Low,No,Two-adult household,None,Moderate,Limited,2.3,15,2.5,0,0,1,0,0,1,0,1,0,1,1,0,1,1,0,1,0.75,0.75,,mode_public_transit_low_access,reasoning_implies_vehicle_without_access,mode_public_transit_low_access; reasoning_implies_vehicle_without_access
ACS-124-spatial_grounded-r1,spatial_grounded,ACS-124,1,Evacuate now,Ride with family/friend,Public shelter,High,Low,No,Two-adult household,None,Moderate,Limited,2.3,15,2.5,0,0,1,0,0,0,0,0,0,0,0,0,0,0,1,1,1.0,1.0,,,,
ACS-125-baseline-r1,baseline,ACS-125,1,Evacuate now,Private vehicle,Friend/relative home,High,Middle,Yes,Shared adult household,None,Moderate,Limited,2.3,15,2.5,0,0,0,0,0,0,0,0,0,0,0,0,0,0,1,1,1.0,1.0,,,,
ACS-125-spatial_grounded-r1,spatial_grounded,ACS-125,1,Evacuate now,Private vehicle,Public shelter,High,Middle,Yes,Shared adult household,None,Moderate,Limited,2.3,15,2.5,0,0,0,0,0,0,0,0,0,0,0,0,0,0,1,1,1.0,1.0,,,,
ACS-126-baseline-r1,baseline,ACS-126,1,Evacuate now,Private vehicle,Friend/relative home,High,Lower-middle,Yes,Shared adult household,None,Moderate,Limited,2.3,15,2.5,0,0,1,0,0,0,0,0,0,0,0,0,0,0,1,1,1.0,1.0,,,,
ACS-126-spatial_grounded-r1,spatial_grounded,ACS-126,1,Evacuate now,Private vehicle,Public shelter,High,Lower-middle,Yes,Shared adult household,None,Moderate,Limited,2.3,15,2.5,0,0,1,0,0,0,0,0,0,0,0,0,0,0,1,1,1.0,1.0,,,,
ACS-127-baseline-r1,baseline,ACS-127,1,Evacuate now,Public transit,Friend/relative home,High,Lower-middle,No,Two-adult household,None,Moderate,Limited,2.3,15,2.5,0,0,1,0,0,1,0,1,0,1,1,0,1,1,0,1,0.75,0.75,,mode_public_transit_low_access,reasoning_implies_vehicle_without_access,mode_public_transit_low_access; reasoning_implies_vehicle_without_access
ACS-127-spatial_grounded-r1,spatial_grounded,ACS-127,1,Evacuate now,Ride with family/friend,Public shelter,High,Lower-middle,No,Two-adult household,None,Moderate,Limited,2.3,15,2.5,0,0,1,0,0,0,0,0,0,0,1,0,0,1,1,1,0.9,0.75,,,reasoning_implies_vehicle_without_access,reasoning_implies_vehicle_without_access
ACS-128-baseline-r1,baseline,ACS-128,1,Evacuate now,Public transit,Friend/relative home,High,Low,No,Shared adult household,None,Moderate,Limited,2.3,15,2.5,0,0,1,0,0,1,0,1,0,1,1,0,1,1,0,1,0.75,0.75,,mode_public_transit_low_access,reasoning_implies_vehicle_without_access,mode_public_transit_low_access; reasoning_implies_vehicle_without_access
ACS-128-spatial_grounded-r1,spatial_grounded,ACS-128,1,Delay evacuation,Public transit,Public shelter,Moderate,Low,No,Shared adult household,None,Moderate,Limited,2.3,15,2.5,0,0,1,0,0,1,0,1,0,1,1,0,1,1,0,1,0.75,0.75,,mode_public_transit_low_access,reasoning_implies_vehicle_without_access,mode_public_transit_low_access; reasoning_implies_vehicle_without_access
ACS-129-baseline-r1,baseline,ACS-129,1,Evacuate now,Public transit,Friend/relative home,High,Lower-middle,No,Two-adult household,None,Moderate,Limited,2.3,15,2.5,0,0,1,0,0,1,0,1,0,1,1,0,1,1,0,1,0.75,0.75,,mode_public_transit_low_access,reasoning_implies_vehicle_without_access,mode_public_transit_low_access; reasoning_implies_vehicle_without_access
ACS-129-spatial_grounded-r1,spatial_grounded,ACS-129,1,Evacuate now,Ride with family/friend,Public shelter,High,Lower-middle,No,Two-adult household,None,Moderate,Limited,2.3,15,2.5,0,0,1,0,0,0,0,0,0,0,1,0,0,1,1,1,0.9,0.75,,,reasoning_implies_vehicle_without_access,reasoning_implies_vehicle_without_access
ACS-130-baseline-r1,baseline,ACS-130,1,Evacuate now,Public transit,Friend/relative home,High,Lower-middle,No,Single adult household,None,Moderate,Limited,2.3,15,2.5,0,0,1,0,0,1,0,1,0,1,1,0,1,1,0,1,0.75,0.75,,mode_public_transit_low_access,reasoning_implies_vehicle_without_access,mode_public_transit_low_access; reasoning_implies_vehicle_without_access
ACS-130-spatial_grounded-r1,spatial_grounded,ACS-130,1,Delay evacuation,Public transit,Public shelter,Moderate urgency,Lower-middle,No,Single adult household,None,Moderate,Limited,2.3,15,2.5,0,0,1,0,0,1,0,1,0,1,1,0,1,1,0,1,0.75,0.75,,mode_public_transit_low_access,reasoning_implies_vehicle_without_access,mode_public_transit_low_access; reasoning_implies_vehicle_without_access
ACS-131-baseline-r1,baseline,ACS-131,1,Evacuate now,Private vehicle,Friend/relative home,High,Middle,Yes,Two-adult household,None,Moderate,Limited,3.1,20,3.1,0,0,0,0,0,0,0,0,0,0,0,0,0,0,1,1,1.0,1.0,,,,
ACS-131-spatial_grounded-r1,spatial_grounded,ACS-131,1,Evacuate now,Private vehicle,Public shelter,High,Middle,Yes,Two-adult household,None,Moderate,Limited,3.1,20,3.1,0,0,0,0,0,0,0,0,0,0,0,0,0,0,1,1,1.0,1.0,,,,
ACS-132-baseline-r1,baseline,ACS-132,1,Evacuate now,Private vehicle,Friend/relative home,High,Low,Yes,Two-adult household,None,Moderate,Limited,3.1,20,3.1,0,0,1,0,0,0,0,0,0,0,0,0,0,0,1,1,1.0,1.0,,,,
ACS-132-spatial_grounded-r1,spatial_grounded,ACS-132,1,Evacuate now,Private vehicle,Public shelter,High,Low,Yes,Two-adult household,None,Moderate,Limited,3.1,20,3.1,0,0,1,0,0,0,0,0,0,0,0,0,0,0,1,1,1.0,1.0,,,,
ACS-133-baseline-r1,baseline,ACS-133,1,Evacuate now,Private vehicle,Friend/relative home,High,Low,Yes,Two-adult household,None,Moderate,Limited,3.1,20,3.1,0,0,1,0,0,0,0,0,0,0,0,0,0,0,1,1,1.0,1.0,,,,
ACS-133-spatial_grounded-r1,spatial_grounded,ACS-133,1,Evacuate now,Private vehicle,Public shelter,High,Low,Yes,Two-adult household,None,Moderate,Limited,3.1,20,3.1,0,0,1,0,0,0,0,0,0,0,0,0,0,0,1,1,1.0,1.0,,,,
ACS-134-baseline-r1,baseline,ACS-134,1,Evacuate now,Public transit,Friend/relative home,High,Low,No,Two-adult household,None,Moderate,Limited,3.1,20,3.1,0,0,1,0,0,1,0,1,0,1,1,0,1,1,0,1,0.75,0.75,,mode_public_transit_low_access,reasoning_implies_vehicle_without_access,mode_public_transit_low_access; reasoning_implies_vehicle_without_access
ACS-134-spatial_grounded-r1,spatial_grounded,ACS-134,1,Evacuate now,Ride with family/friend,Public shelter,High,Low,No,Two-adult household,None,Moderate,Limited,3.1,20,3.1,0,0,1,0,0,0,0,0,0,0,1,0,0,1,1,1,0.9,0.75,,,reasoning_implies_vehicle_without_access,reasoning_implies_vehicle_without_access
ACS-135-baseline-r1,baseline,ACS-135,1,Evacuate now,Private vehicle,Friend/relative home,High,Lower-middle,Yes,Household with children,None,Moderate,Limited,3.1,20,3.1,1,0,1,0,0,0,0,0,0,0,0,0,0,0,1,1,1.0,1.0,,,,
ACS-135-spatial_grounded-r1,spatial_grounded,ACS-135,1,Evacuate now,Private vehicle,Public shelter,High,Lower-middle,Yes,Household with children,None,Moderate,Limited,3.1,20,3.1,1,0,1,0,0,0,0,0,0,0,0,0,0,0,1,1,1.0,1.0,,,,
ACS-136-baseline-r1,baseline,ACS-136,1,Evacuate now,Private vehicle,Friend/relative home,High,Low,Yes,Two-adult household,None,Moderate,Limited,3.1,20,3.1,0,0,1,0,0,0,0,0,0,0,0,0,0,0,1,1,1.0,1.0,,,,
ACS-136-spatial_grounded-r1,spatial_grounded,ACS-136,1,Evacuate now,Private vehicle,Public shelter,High,Low,Yes,Two-adult household,None,Moderate,Limited,3.1,20,3.1,0,0,1,0,0,0,0,0,0,0,0,0,0,0,1,1,1.0,1.0,,,,
ACS-137-baseline-r1,baseline,ACS-137,1,Evacuate now,Private vehicle,Friend/relative home,High,Low,Yes,Two-adult household,None,Moderate,Limited,3.1,20,3.1,0,0,1,0,0,0,0,0,0,0,0,0,0,0,1,1,1.0,1.0,,,,
ACS-137-spatial_grounded-r1,spatial_grounded,ACS-137,1,Evacuate now,Private vehicle,Public shelter,High,Low,Yes,Two-adult household,None,Moderate,Limited,3.1,20,3.1,0,0,1,0,0,0,0,0,0,0,0,0,0,0,1,1,1.0,1.0,,,,
ACS-138-baseline-r1,baseline,ACS-138,1,Evacuate now,Private vehicle,Friend/relative home,High,Upper-middle,Yes,Shared adult household,None,Moderate,Limited,3.1,20,3.1,0,0,0,0,0,0,0,0,0,0,0,0,0,0,1,1,1.0,1.0,,,,
ACS-138-spatial_grounded-r1,spatial_grounded,ACS-138,1,Evacuate now,Private vehicle,Public shelter,High,Upper-middle,Yes,Shared adult household,None,Moderate,Limited,3.1,20,3.1,0,0,0,0,0,0,0,0,0,0,0,0,0,0,1,1,1.0,1.0,,,,
ACS-139-baseline-r1,baseline,ACS-139,1,Evacuate now,Private vehicle,Friend/relative home,High,Lower-middle,Yes,Two-adult household,None,Moderate,Limited,3.1,20,3.1,0,0,1,0,0,0,0,0,0,0,0,0,0,0,1,1,1.0,1.0,,,,
ACS-139-spatial_grounded-r1,spatial_grounded,ACS-139,1,Evacuate now,Private vehicle,Public shelter,High,Lower-middle,Yes,Two-adult household,None,Moderate,Limited,3.1,20,3.1,0,0,1,0,0,0,0,0,0,0,0,0,0,0,1,1,1.0,1.0,,,,
ACS-140-baseline-r1,baseline,ACS-140,1,Evacuate now,Private vehicle,Friend/relative home,High,Low,Yes,Two-adult household,None,Moderate,Limited,3.1,20,3.1,0,0,1,0,0,0,0,0,0,0,0,0,0,0,1,1,1.0,1.0,,,,
ACS-140-spatial_grounded-r1,spatial_grounded,ACS-140,1,Evacuate now,Private vehicle,Public shelter,High,Low,Yes,Two-adult household,None,Moderate,Limited,3.1,20,3.1,0,0,1,0,0,0,0,0,0,0,0,0,0,0,1,1,1.0,1.0,,,,
ACS-141-baseline-r1,baseline,ACS-141,1,Evacuate now,Private vehicle,Friend/relative home,High,Middle,Yes,Household with children,None,Moderate,Good,3.9,25,0.7,1,0,0,0,0,0,0,0,0,0,0,0,0,0,1,1,1.0,1.0,,,,
ACS-141-spatial_grounded-r1,spatial_grounded,ACS-141,1,Evacuate now,Private vehicle,Public shelter,High,Middle,Yes,Household with children,None,Moderate,Good,3.9,25,0.7,1,0,0,0,0,0,0,0,0,0,0,0,0,0,1,1,1.0,1.0,,,,
ACS-142-baseline-r1,baseline,ACS-142,1,Evacuate now,Private vehicle,Friend/relative home,High,Lower-middle,Yes,Single adult household,None,Moderate,Good,3.9,25,0.7,0,0,1,0,0,0,0,0,0,0,0,0,0,0,1,1,1.0,1.0,,,,
ACS-142-spatial_grounded-r1,spatial_grounded,ACS-142,1,Evacuate now,Private vehicle,Public shelter,High,Lower-middle,Yes,Single adult household,None,Moderate,Good,3.9,25,0.7,0,0,1,0,0,0,0,0,0,0,0,0,0,0,1,1,1.0,1.0,,,,
ACS-143-baseline-r1,baseline,ACS-143,1,Evacuate now,Public transit,Friend/relative home,High,Low,No,Household with children,None,Moderate,Good,3.9,25,0.7,1,0,1,0,0,0,0,0,0,0,1,0,0,1,1,1,0.9,0.75,,,reasoning_implies_vehicle_without_access,reasoning_implies_vehicle_without_access
ACS-143-spatial_grounded-r1,spatial_grounded,ACS-143,1,Evacuate now,Public transit,Public shelter,High,Low,No,Household with children,None,Moderate,Good,3.9,25,0.7,1,0,1,0,0,0,0,0,0,0,1,0,0,1,1,1,0.9,0.75,,,reasoning_implies_vehicle_without_access,reasoning_implies_vehicle_without_access
ACS-144-baseline-r1,baseline,ACS-144,1,Evacuate now,Public transit,Friend/relative home,High,Middle,No,Multigenerational household with children,Older adult mobility or medication needs,Moderate,Good,3.9,25,0.7,1,1,0,0,0,0,0,0,0,0,1,0,0,1,1,1,0.9,0.75,,,reasoning_implies_vehicle_without_access,reasoning_implies_vehicle_without_access
ACS-144-spatial_grounded-r1,spatial_grounded,ACS-144,1,Evacuate now,Public transit,Public shelter,High,Middle,No,Multigenerational household with children,Older adult mobility or medication needs,Moderate,Good,3.9,25,0.7,1,1,0,0,0,0,0,0,0,0,1,0,0,1,1,1,0.9,0.75,,,reasoning_implies_vehicle_without_access,reasoning_implies_vehicle_without_access
ACS-145-baseline-r1,baseline,ACS-145,1,Evacuate now,Private vehicle,Friend/relative home,High,Middle,Yes,Shared adult household,None,Moderate,Good,3.9,25,0.7,0,0,0,0,0,0,0,0,0,0,0,0,0,0,1,1,1.0,1.0,,,,
ACS-145-spatial_grounded-r1,spatial_grounded,ACS-145,1,Evacuate now,Private vehicle,Public shelter,High,Middle,Yes,Shared adult household,None,Moderate,Good,3.9,25,0.7,0,0,0,0,0,0,0,0,0,0,0,0,0,0,1,1,1.0,1.0,,,,
ACS-146-baseline-r1,baseline,ACS-146,1,Evacuate now,Public transit,Friend/relative home,High,Low,No,Shared adult household,None,Moderate,Good,3.9,25,0.7,0,0,1,0,0,0,0,0,0,0,1,0,0,1,1,1,0.9,0.75,,,reasoning_implies_vehicle_without_access,reasoning_implies_vehicle_without_access
ACS-146-spatial_grounded-r1,spatial_grounded,ACS-146,1,Evacuate now,Public transit,Public shelter,High,Low,No,Shared adult household,None,Moderate,Good,3.9,25,0.7,0,0,1,0,0,0,0,0,0,0,1,0,0,1,1,1,0.9,0.75,,,reasoning_implies_vehicle_without_access,reasoning_implies_vehicle_without_access
ACS-147-baseline-r1,baseline,ACS-147,1,Evacuate now,Private vehicle,Friend/relative home,High,Low,Yes,Single adult household,None,Moderate,Good,3.9,25,0.7,0,0,1,0,0,0,0,0,0,0,0,0,0,0,1,1,1.0,1.0,,,,
ACS-147-spatial_grounded-r1,spatial_grounded,ACS-147,1,Evacuate now,Private vehicle,Public shelter,High,Low,Yes,Single adult household,None,Moderate,Good,3.9,25,0.7,0,0,1,0,0,0,0,0,0,0,0,0,0,0,1,1,1.0,1.0,,,,
ACS-148-baseline-r1,baseline,ACS-148,1,Evacuate now,Private vehicle,Friend/relative home,High,Middle,Yes,Single adult household,None,Moderate,Good,3.9,25,0.7,0,0,0,0,0,0,0,0,0,0,0,0,0,0,1,1,1.0,1.0,,,,
ACS-148-spatial_grounded-r1,spatial_grounded,ACS-148,1,Evacuate now,Private vehicle,Public shelter,High,Middle,Yes,Single adult household,None,Moderate,Good,3.9,25,0.7,0,0,0,0,0,0,0,0,0,0,0,0,0,0,1,1,1.0,1.0,,,,
ACS-149-baseline-r1,baseline,ACS-149,1,Evacuate now,Private vehicle,Friend/relative home,High,Lower-middle,Yes,Household with children,Child caregiving responsibilities,Moderate,Good,3.9,25,0.7,1,1,1,0,0,0,0,0,0,0,0,0,0,0,1,1,1.0,1.0,,,,
ACS-149-spatial_grounded-r1,spatial_grounded,ACS-149,1,Evacuate now,Private vehicle,Public shelter,High,Lower-middle,Yes,Household with children,Child caregiving responsibilities,Moderate,Good,3.9,25,0.7,1,1,1,0,0,0,0,0,0,0,0,0,0,0,1,1,1.0,1.0,,,,
ACS-150-baseline-r1,baseline,ACS-150,1,Evacuate now,Public transit,Friend/relative home,High,Lower-middle,No,Shared adult household,None,Moderate,Good,3.9,25,0.7,0,0,1,0,0,0,0,0,0,0,1,0,0,1,1,1,0.9,0.75,,,reasoning_implies_vehicle_without_access,reasoning_implies_vehicle_without_access
ACS-150-spatial_grounded-r1,spatial_grounded,ACS-150,1,Evacuate now,Public transit,Public shelter,High,Lower-middle,No,Shared adult household,None,Moderate,Good,3.9,25,0.7,0,0,1,0,0,0,0,0,0,0,1,0,0,1,1,1,0.9,0.75,,,reasoning_implies_vehicle_without_access,reasoning_implies_vehicle_without_access
ACS-151-baseline-r1,baseline,ACS-151,1,Evacuate now,Public transit,Friend/relative home,High,Low,No,Household with children,Child caregiving responsibilities,Moderate,Moderate,4.7,30,1.3,1,1,1,0,0,0,0,0,0,0,1,0,0,1,1,1,0.9,0.75,,,reasoning_implies_vehicle_without_access,reasoning_implies_vehicle_without_access
ACS-151-spatial_grounded-r1,spatial_grounded,ACS-151,1,Evacuate now,Public transit,Public shelter,High,Low,No,Household with children,Child caregiving responsibilities,Moderate,Moderate,4.7,30,1.3,1,1,1,0,0,0,0,0,0,0,1,0,0,1,1,1,0.9,0.75,,,reasoning_implies_vehicle_without_access,reasoning_implies_vehicle_without_access
ACS-152-baseline-r1,baseline,ACS-152,1,Evacuate now,Public transit,Friend/relative home,High,Low,No,Shared adult household,None,Moderate,Moderate,4.7,30,1.3,0,0,1,0,0,0,0,0,0,0,1,0,0,1,1,1,0.9,0.75,,,reasoning_implies_vehicle_without_access,reasoning_implies_vehicle_without_access
ACS-152-spatial_grounded-r1,spatial_grounded,ACS-152,1,Evacuate now,Public transit,Public shelter,High,Low,No,Shared adult household,None,Moderate,Moderate,4.7,30,1.3,0,0,1,0,0,0,0,0,0,0,1,0,0,1,1,1,0.9,0.75,,,reasoning_implies_vehicle_without_access,reasoning_implies_vehicle_without_access
ACS-153-baseline-r1,baseline,ACS-153,1,Evacuate now,Private vehicle,Friend/relative home,High,Low,Yes,Household with children,None,Moderate,Moderate,4.7,30,1.3,1,0,1,0,0,0,0,0,0,0,0,0,0,0,1,1,1.0,1.0,,,,
ACS-153-spatial_grounded-r1,spatial_grounded,ACS-153,1,Evacuate now,Private vehicle,Public shelter,High,Low,Yes,Household with children,None,Moderate,Moderate,4.7,30,1.3,1,0,1,0,0,0,0,0,0,0,0,0,0,0,1,1,1.0,1.0,,,,
ACS-154-baseline-r1,baseline,ACS-154,1,Evacuate now,Private vehicle,Friend/relative home,High,Lower-middle,Yes,Shared adult household,None,Moderate,Moderate,4.7,30,1.3,0,0,1,0,0,0,0,0,0,0,0,0,0,0,1,1,1.0,1.0,,,,
ACS-154-spatial_grounded-r1,spatial_grounded,ACS-154,1,Evacuate now,Private vehicle,Public shelter,High,Lower-middle,Yes,Shared adult household,None,Moderate,Moderate,4.7,30,1.3,0,0,1,0,0,0,0,0,0,0,0,0,0,0,1,1,1.0,1.0,,,,
ACS-155-baseline-r1,baseline,ACS-155,1,Evacuate now,Private vehicle,Friend/relative home,High,Lower-middle,Yes,Single adult household,None,Moderate,Moderate,4.7,30,1.3,0,0,1,0,0,0,0,0,0,0,0,0,0,0,1,1,1.0,1.0,,,,
ACS-155-spatial_grounded-r1,spatial_grounded,ACS-155,1,Evacuate now,Private vehicle,Public shelter,High,Lower-middle,Yes,Single adult household,None,Moderate,Moderate,4.7,30,1.3,0,0,1,0,0,0,0,0,0,0,0,0,0,0,1,1,1.0,1.0,,,,
ACS-156-baseline-r1,baseline,ACS-156,1,Evacuate now,Private vehicle,Friend/relative home,High,Low,Yes,Single adult household,Older adult mobility or medication needs,Moderate,Moderate,4.7,30,1.3,0,1,1,0,0,0,0,0,0,0,0,0,0,0,1,1,1.0,1.0,,,,
ACS-156-spatial_grounded-r1,spatial_grounded,ACS-156,1,Evacuate now,Private vehicle,Public shelter,High,Low,Yes,Single adult household,Older adult mobility or medication needs,Moderate,Moderate,4.7,30,1.3,0,1,1,0,0,0,0,0,0,0,0,0,0,0,1,1,1.0,1.0,,,,
ACS-157-baseline-r1,baseline,ACS-157,1,Evacuate now,Private vehicle,Friend/relative home,High,Low,Yes,Shared adult household,None,Moderate,Moderate,4.7,30,1.3,0,0,1,0,0,0,0,0,0,0,0,0,0,0,1,1,1.0,1.0,,,,
ACS-157-spatial_grounded-r1,spatial_grounded,ACS-157,1,Evacuate now,Private vehicle,Public shelter,High,Low,Yes,Shared adult household,None,Moderate,Moderate,4.7,30,1.3,0,0,1,0,0,0,0,0,0,0,0,0,0,0,1,1,1.0,1.0,,,,
ACS-158-baseline-r1,baseline,ACS-158,1,Evacuate now,Public transit,Friend/relative home,High,Upper-middle,No,Two-adult household,None,Moderate,Moderate,4.7,30,1.3,0,0,0,0,0,0,0,0,0,0,1,0,0,1,1,1,0.9,0.75,,,reasoning_implies_vehicle_without_access,reasoning_implies_vehicle_without_access
ACS-158-spatial_grounded-r1,spatial_grounded,ACS-158,1,Evacuate now,Public transit,Public shelter,High,Upper-middle,No,Two-adult household,None,Moderate,Moderate,4.7,30,1.3,0,0,0,0,0,0,0,0,0,0,1,0,0,1,1,1,0.9,0.75,,,reasoning_implies_vehicle_without_access,reasoning_implies_vehicle_without_access
ACS-159-baseline-r1,baseline,ACS-159,1,Evacuate now,Private vehicle,Friend/relative home,High,Lower-middle,Yes,Single adult household,None,Moderate,Moderate,4.7,30,1.3,0,0,1,0,0,0,0,0,0,0,0,0,0,0,1,1,1.0,1.0,,,,
ACS-159-spatial_grounded-r1,spatial_grounded,ACS-159,1,Evacuate now,Private vehicle,Public shelter,High,Lower-middle,Yes,Single adult household,None,Moderate,Moderate,4.7,30,1.3,0,0,1,0,0,0,0,0,0,0,0,0,0,0,1,1,1.0,1.0,,,,
ACS-160-baseline-r1,baseline,ACS-160,1,Evacuate now,Private vehicle,Friend/relative home,High,Low,Yes,Two-adult household,None,Moderate,Moderate,4.7,30,1.3,0,0,1,0,0,0,0,0,0,0,0,0,0,0,1,1,1.0,1.0,,,,
ACS-160-spatial_grounded-r1,spatial_grounded,ACS-160,1,Evacuate now,Private vehicle,Public shelter,High,Low,Yes,Two-adult household,None,Moderate,Moderate,4.7,30,1.3,0,0,1,0,0,0,0,0,0,0,0,0,0,0,1,1,1.0,1.0,,,,
ACS-161-baseline-r1,baseline,ACS-161,1,Evacuate now,Private vehicle,Friend/relative home,High,Lower-middle,Yes,Shared adult household,None,Moderate,Good,5.5,35,1.9,0,0,1,0,0,0,0,0,0,0,0,0,0,0,1,1,1.0,1.0,,,,
ACS-161-spatial_grounded-r1,spatial_grounded,ACS-161,1,Evacuate now,Private vehicle,Public shelter,High,Lower-middle,Yes,Shared adult household,None,Moderate,Good,5.5,35,1.9,0,0,1,0,0,0,0,0,0,0,0,0,0,0,1,1,1.0,1.0,,,,
ACS-162-baseline-r1,baseline,ACS-162,1,Evacuate now,Private vehicle,Friend/relative home,High,Lower-middle,Yes,Two-adult household,None,Moderate,Good,5.5,35,1.9,0,0,1,0,0,0,0,0,0,0,0,0,0,0,1,1,1.0,1.0,,,,
ACS-162-spatial_grounded-r1,spatial_grounded,ACS-162,1,Evacuate now,Private vehicle,Public shelter,High,Lower-middle,Yes,Two-adult household,None,Moderate,Good,5.5,35,1.9,0,0,1,0,0,0,0,0,0,0,0,0,0,0,1,1,1.0,1.0,,,,
ACS-163-baseline-r1,baseline,ACS-163,1,Evacuate now,Private vehicle,Friend/relative home,High,Low,Yes,Household with children,None,Moderate,Good,5.5,35,1.9,1,0,1,0,0,0,0,0,0,0,0,0,0,0,1,1,1.0,1.0,,,,
ACS-163-spatial_grounded-r1,spatial_grounded,ACS-163,1,Evacuate now,Private vehicle,Public shelter,High,Low,Yes,Household with children,None,Moderate,Good,5.5,35,1.9,1,0,1,0,0,0,0,0,0,0,0,0,0,0,1,1,1.0,1.0,,,,
ACS-164-baseline-r1,baseline,ACS-164,1,Evacuate now,Private vehicle,Friend/relative home,High,Lower-middle,Yes,Two-adult household,None,Moderate,Good,5.5,35,1.9,0,0,1,0,0,0,0,0,0,0,0,0,0,0,1,1,1.0,1.0,,,,
ACS-164-spatial_grounded-r1,spatial_grounded,ACS-164,1,Evacuate now,Private vehicle,Public shelter,High,Lower-middle,Yes,Two-adult household,None,Moderate,Good,5.5,35,1.9,0,0,1,0,0,0,0,0,0,0,0,0,0,0,1,1,1.0,1.0,,,,
ACS-165-baseline-r1,baseline,ACS-165,1,Evacuate now,Private vehicle,Friend/relative home,High,Low,Yes,Shared adult household,None,Moderate,Good,5.5,35,1.9,0,0,1,0,0,0,0,0,0,0,0,0,0,0,1,1,1.0,1.0,,,,
ACS-165-spatial_grounded-r1,spatial_grounded,ACS-165,1,Evacuate now,Private vehicle,Public shelter,High,Low,Yes,Shared adult household,None,Moderate,Good,5.5,35,1.9,0,0,1,0,0,0,0,0,0,0,0,0,0,0,1,1,1.0,1.0,,,,
ACS-166-baseline-r1,baseline,ACS-166,1,Evacuate now,Private vehicle,Friend/relative home,High,Middle,Yes,Household with children,None,Moderate,Good,5.5,35,1.9,1,0,0,0,0,0,0,0,0,0,0,0,0,0,1,1,1.0,1.0,,,,
ACS-166-spatial_grounded-r1,spatial_grounded,ACS-166,1,Evacuate now,Private vehicle,Public shelter,High,Middle,Yes,Household with children,None,Moderate,Good,5.5,35,1.9,1,0,0,0,0,0,0,0,0,0,0,0,0,0,1,1,1.0,1.0,,,,
ACS-167-baseline-r1,baseline,ACS-167,1,Evacuate now,Public transit,Friend/relative home,High,Lower-middle,No,Multigenerational household with children,Child caregiving responsibilities,Moderate,Good,5.5,35,1.9,1,1,1,0,0,0,0,0,0,0,1,0,0,1,1,1,0.9,0.75,,,reasoning_implies_vehicle_without_access,reasoning_implies_vehicle_without_access
ACS-167-spatial_grounded-r1,spatial_grounded,ACS-167,1,Evacuate now,Public transit,Public shelter,High,Lower-middle,No,Multigenerational household with children,Child caregiving responsibilities,Moderate,Good,5.5,35,1.9,1,1,1,0,0,0,0,0,0,0,1,0,0,1,1,1,0.9,0.75,,,reasoning_implies_vehicle_without_access,reasoning_implies_vehicle_without_access
ACS-168-baseline-r1,baseline,ACS-168,1,Evacuate now,Private vehicle,Friend/relative home,High,Lower-middle,Yes,Two-adult household,None,Moderate,Good,5.5,35,1.9,0,0,1,0,0,0,0,0,0,0,0,0,0,0,1,1,1.0,1.0,,,,
ACS-168-spatial_grounded-r1,spatial_grounded,ACS-168,1,Evacuate now,Private vehicle,Public shelter,High,Lower-middle,Yes,Two-adult household,None,Moderate,Good,5.5,35,1.9,0,0,1,0,0,0,0,0,0,0,0,0,0,0,1,1,1.0,1.0,,,,
ACS-169-baseline-r1,baseline,ACS-169,1,Evacuate now,Private vehicle,Friend/relative home,High,Low,Yes,Household with children,None,Moderate,Good,5.5,35,1.9,1,0,1,0,0,0,0,0,0,0,0,0,0,0,1,1,1.0,1.0,,,,
ACS-169-spatial_grounded-r1,spatial_grounded,ACS-169,1,Evacuate now,Private vehicle,Public shelter,High,Low,Yes,Household with children,None,Moderate,Good,5.5,35,1.9,1,0,1,0,0,0,0,0,0,0,0,0,0,0,1,1,1.0,1.0,,,,
ACS-170-baseline-r1,baseline,ACS-170,1,Evacuate now,Private vehicle,Friend/relative home,High,Lower-middle,Yes,Multigenerational household with children,Child caregiving responsibilities,Moderate,Good,5.5,35,1.9,1,1,1,0,0,0,0,0,0,0,0,0,0,0,1,1,1.0,1.0,,,,
ACS-170-spatial_grounded-r1,spatial_grounded,ACS-170,1,Evacuate now,Private vehicle,Public shelter,High,Lower-middle,Yes,Multigenerational household with children,Child caregiving responsibilities,Moderate,Good,5.5,35,1.9,1,1,1,0,0,0,0,0,0,0,0,0,0,0,1,1,1.0,1.0,,,,
ACS-171-baseline-r1,baseline,ACS-171,1,Evacuate now,Public transit,Friend/relative home,High,Low,No,Shared adult household,None,Moderate,Good,1.5,10,2.5,0,0,1,0,0,0,0,0,0,0,1,0,0,1,1,1,0.9,0.75,,,reasoning_implies_vehicle_without_access,reasoning_implies_vehicle_without_access
ACS-171-spatial_grounded-r1,spatial_grounded,ACS-171,1,Evacuate now,Public transit,Public shelter,High,Low,No,Shared adult household,None,Moderate,Good,1.5,10,2.5,0,0,1,0,0,0,0,0,0,0,1,0,0,1,1,1,0.9,0.75,,,reasoning_implies_vehicle_without_access,reasoning_implies_vehicle_without_access
ACS-172-baseline-r1,baseline,ACS-172,1,Evacuate now,Private vehicle,Friend/relative home,High,Lower-middle,Yes,Two-adult household,None,Moderate,Good,1.5,10,2.5,0,0,1,0,0,0,0,0,0,0,0,0,0,0,1,1,1.0,1.0,,,,
ACS-172-spatial_grounded-r1,spatial_grounded,ACS-172,1,Evacuate now,Private vehicle,Public shelter,High,Lower-middle,Yes,Two-adult household,None,Moderate,Good,1.5,10,2.5,0,0,1,0,0,0,0,0,0,0,0,0,0,0,1,1,1.0,1.0,,,,
ACS-173-baseline-r1,baseline,ACS-173,1,Evacuate now,Private vehicle,Friend/relative home,High,Low,Yes,Shared adult household,None,Moderate,Good,1.5,10,2.5,0,0,1,0,0,0,0,0,0,0,0,0,0,0,1,1,1.0,1.0,,,,
ACS-173-spatial_grounded-r1,spatial_grounded,ACS-173,1,Evacuate now,Private vehicle,Public shelter,High,Low,Yes,Shared adult household,None,Moderate,Good,1.5,10,2.5,0,0,1,0,0,0,0,0,0,0,0,0,0,0,1,1,1.0,1.0,,,,
ACS-174-baseline-r1,baseline,ACS-174,1,Evacuate now,Private vehicle,Friend/relative home,High,Lower-middle,Yes,Household with children,None,Moderate,Good,1.5,10,2.5,1,0,1,0,0,0,0,0,0,0,0,0,0,0,1,1,1.0,1.0,,,,
ACS-174-spatial_grounded-r1,spatial_grounded,ACS-174,1,Evacuate now,Private vehicle,Public shelter,High,Lower-middle,Yes,Household with children,None,Moderate,Good,1.5,10,2.5,1,0,1,0,0,0,0,0,0,0,0,0,0,0,1,1,1.0,1.0,,,,
ACS-175-baseline-r1,baseline,ACS-175,1,Evacuate now,Public transit,Friend/relative home,High,Lower-middle,No,Household with children,None,Moderate,Good,1.5,10,2.5,1,0,1,0,0,0,0,0,0,0,1,0,0,1,1,1,0.9,0.75,,,reasoning_implies_vehicle_without_access,reasoning_implies_vehicle_without_access
ACS-175-spatial_grounded-r1,spatial_grounded,ACS-175,1,Evacuate now,Public transit,Public shelter,High,Lower-middle,No,Household with children,None,Moderate,Good,1.5,10,2.5,1,0,1,0,0,0,0,0,0,0,1,0,0,1,1,1,0.9,0.75,,,reasoning_implies_vehicle_without_access,reasoning_implies_vehicle_without_access
ACS-176-baseline-r1,baseline,ACS-176,1,Evacuate now,Public transit,Friend/relative home,High,Lower-middle,No,Shared adult household,None,Moderate,Good,1.5,10,2.5,0,0,1,0,0,0,0,0,0,0,1,0,0,1,1,1,0.9,0.75,,,reasoning_implies_vehicle_without_access,reasoning_implies_vehicle_without_access
ACS-176-spatial_grounded-r1,spatial_grounded,ACS-176,1,Evacuate now,Public transit,Public shelter,High,Lower-middle,No,Shared adult household,None,Moderate,Good,1.5,10,2.5,0,0,1,0,0,0,0,0,0,0,1,0,0,1,1,1,0.9,0.75,,,reasoning_implies_vehicle_without_access,reasoning_implies_vehicle_without_access
ACS-177-baseline-r1,baseline,ACS-177,1,Evacuate now,Private vehicle,Friend/relative home,High,Lower-middle,Yes,Shared adult household,None,Moderate,Good,1.5,10,2.5,0,0,1,0,0,0,0,0,0,0,0,0,0,0,1,1,1.0,1.0,,,,
ACS-177-spatial_grounded-r1,spatial_grounded,ACS-177,1,Evacuate now,Private vehicle,Public shelter,High,Lower-middle,Yes,Shared adult household,None,Moderate,Good,1.5,10,2.5,0,0,1,0,0,0,0,0,0,0,0,0,0,0,1,1,1.0,1.0,,,,
ACS-178-baseline-r1,baseline,ACS-178,1,Evacuate now,Private vehicle,Friend/relative home,High,Upper-middle,Yes,Shared adult household,None,Moderate,Good,1.5,10,2.5,0,0,0,0,0,0,0,0,0,0,0,0,0,0,1,1,1.0,1.0,,,,
ACS-178-spatial_grounded-r1,spatial_grounded,ACS-178,1,Evacuate now,Private vehicle,Public shelter,High,Upper-middle,Yes,Shared adult household,None,Moderate,Good,1.5,10,2.5,0,0,0,0,0,0,0,0,0,0,0,0,0,0,1,1,1.0,1.0,,,,
ACS-179-baseline-r1,baseline,ACS-179,1,Evacuate now,Public transit,Friend/relative home,High,Lower-middle,No,Shared adult household,None,Moderate,Good,1.5,10,2.5,0,0,1,0,0,0,0,0,0,0,1,0,0,1,1,1,0.9,0.75,,,reasoning_implies_vehicle_without_access,reasoning_implies_vehicle_without_access
ACS-179-spatial_grounded-r1,spatial_grounded,ACS-179,1,Evacuate now,Public transit,Public shelter,High,Lower-middle,No,Shared adult household,None,Moderate,Good,1.5,10,2.5,0,0,1,0,0,0,0,0,0,0,1,0,0,1,1,1,0.9,0.75,,,reasoning_implies_vehicle_without_access,reasoning_implies_vehicle_without_access
ACS-180-baseline-r1,baseline,ACS-180,1,Evacuate now,Public transit,Friend/relative home,High,Lower-middle,No,Shared adult household,None,Moderate,Good,1.5,10,2.5,0,0,1,0,0,0,0,0,0,0,1,0,0,1,1,1,0.9,0.75,,,reasoning_implies_vehicle_without_access,reasoning_implies_vehicle_without_access
ACS-180-spatial_grounded-r1,spatial_grounded,ACS-180,1,Evacuate now,Public transit,Public shelter,High,Lower-middle,No,Shared adult household,None,Moderate,Good,1.5,10,2.5,0,0,1,0,0,0,0,0,0,0,1,0,0,1,1,1,0.9,0.75,,,reasoning_implies_vehicle_without_access,reasoning_implies_vehicle_without_access
ACS-181-baseline-r1,baseline,ACS-181,1,Evacuate now,Public transit,Friend/relative home,High,Low,No,Household with children,None,Moderate,Good,2.3,15,3.1,1,0,1,0,0,0,0,0,0,0,1,0,0,1,1,1,0.9,0.75,,,reasoning_implies_vehicle_without_access,reasoning_implies_vehicle_without_access
ACS-181-spatial_grounded-r1,spatial_grounded,ACS-181,1,Evacuate now,Public transit,Public shelter,High,Low,No,Household with children,None,Moderate,Good,2.3,15,3.1,1,0,1,0,0,0,0,0,0,0,1,0,0,1,1,1,0.9,0.75,,,reasoning_implies_vehicle_without_access,reasoning_implies_vehicle_without_access
ACS-182-baseline-r1,baseline,ACS-182,1,Evacuate now,Private vehicle,Friend/relative home,High,Lower-middle,Yes,Two-adult household,None,Moderate,Good,2.3,15,3.1,0,0,1,0,0,0,0,0,0,0,0,0,0,0,1,1,1.0,1.0,,,,
ACS-182-spatial_grounded-r1,spatial_grounded,ACS-182,1,Evacuate now,Private vehicle,Public shelter,High,Lower-middle,Yes,Two-adult household,None,Moderate,Good,2.3,15,3.1,0,0,1,0,0,0,0,0,0,0,0,0,0,0,1,1,1.0,1.0,,,,
ACS-183-baseline-r1,baseline,ACS-183,1,Evacuate now,Private vehicle,Friend/relative home,High,Lower-middle,Yes,Two-adult household,None,Moderate,Good,2.3,15,3.1,0,0,1,0,0,0,0,0,0,0,0,0,0,0,1,1,1.0,1.0,,,,
ACS-183-spatial_grounded-r1,spatial_grounded,ACS-183,1,Evacuate now,Private vehicle,Public shelter,High,Lower-middle,Yes,Two-adult household,None,Moderate,Good,2.3,15,3.1,0,0,1,0,0,0,0,0,0,0,0,0,0,0,1,1,1.0,1.0,,,,
ACS-184-baseline-r1,baseline,ACS-184,1,Evacuate now,Public transit,Friend/relative home,High,Lower-middle,No,Two-adult household,None,Moderate,Good,2.3,15,3.1,0,0,1,0,0,0,0,0,0,0,1,0,0,1,1,1,0.9,0.75,,,reasoning_implies_vehicle_without_access,reasoning_implies_vehicle_without_access
ACS-184-spatial_grounded-r1,spatial_grounded,ACS-184,1,Evacuate now,Public transit,Public shelter,High,Lower-middle,No,Two-adult household,None,Moderate,Good,2.3,15,3.1,0,0,1,0,0,0,0,0,0,0,1,0,0,1,1,1,0.9,0.75,,,reasoning_implies_vehicle_without_access,reasoning_implies_vehicle_without_access
ACS-185-baseline-r1,baseline,ACS-185,1,Evacuate now,Private vehicle,Friend/relative home,High,Middle,Yes,Household with children,Child caregiving responsibilities,Moderate,Good,2.3,15,3.1,1,1,0,0,0,0,0,0,0,0,0,0,0,0,1,1,1.0,1.0,,,,
ACS-185-spatial_grounded-r1,spatial_grounded,ACS-185,1,Evacuate now,Private vehicle,Public shelter,High,Middle,Yes,Household with children,Child caregiving responsibilities,Moderate,Good,2.3,15,3.1,1,1,0,0,0,0,0,0,0,0,0,0,0,0,1,1,1.0,1.0,,,,
ACS-186-baseline-r1,baseline,ACS-186,1,Evacuate now,Private vehicle,Friend/relative home,High,Low,Yes,Two-adult household,None,Moderate,Good,2.3,15,3.1,0,0,1,0,0,0,0,0,0,0,0,0,0,0,1,1,1.0,1.0,,,,
ACS-186-spatial_grounded-r1,spatial_grounded,ACS-186,1,Evacuate now,Private vehicle,Public shelter,High,Low,Yes,Two-adult household,None,Moderate,Good,2.3,15,3.1,0,0,1,0,0,0,0,0,0,0,0,0,0,0,1,1,1.0,1.0,,,,
ACS-187-baseline-r1,baseline,ACS-187,1,Evacuate now,Private vehicle,Friend/relative home,High,Low,Yes,Shared adult household,None,Moderate,Good,2.3,15,3.1,0,0,1,0,0,0,0,0,0,0,0,0,0,0,1,1,1.0,1.0,,,,
ACS-187-spatial_grounded-r1,spatial_grounded,ACS-187,1,Evacuate now,Private vehicle,Public shelter,High,Low,Yes,Shared adult household,None,Moderate,Good,2.3,15,3.1,0,0,1,0,0,0,0,0,0,0,0,0,0,0,1,1,1.0,1.0,,,,
ACS-188-baseline-r1,baseline,ACS-188,1,Evacuate now,Private vehicle,Friend/relative home,High,Low,Yes,Single adult household,None,Moderate,Good,2.3,15,3.1,0,0,1,0,0,0,0,0,0,0,0,0,0,0,1,1,1.0,1.0,,,,
ACS-188-spatial_grounded-r1,spatial_grounded,ACS-188,1,Evacuate now,Private vehicle,Public shelter,High,Low,Yes,Single adult household,None,Moderate,Good,2.3,15,3.1,0,0,1,0,0,0,0,0,0,0,0,0,0,0,1,1,1.0,1.0,,,,
ACS-189-baseline-r1,baseline,ACS-189,1,Evacuate now,Private vehicle,Friend/relative home,High,Middle,Yes,Two-adult household,None,Moderate,Good,2.3,15,3.1,0,0,0,0,0,0,0,0,0,0,0,0,0,0,1,1,1.0,1.0,,,,
ACS-189-spatial_grounded-r1,spatial_grounded,ACS-189,1,Evacuate now,Private vehicle,Public shelter,High,Middle,Yes,Two-adult household,None,Moderate,Good,2.3,15,3.1,0,0,0,0,0,0,0,0,0,0,0,0,0,0,1,1,1.0,1.0,,,,
ACS-190-baseline-r1,baseline,ACS-190,1,Evacuate now,Public transit,Friend/relative home,High,Lower-middle,No,Shared adult household,None,Moderate,Good,2.3,15,3.1,0,0,1,0,0,0,0,0,0,0,1,0,0,1,1,1,0.9,0.75,,,reasoning_implies_vehicle_without_access,reasoning_implies_vehicle_without_access
ACS-190-spatial_grounded-r1,spatial_grounded,ACS-190,1,Evacuate now,Public transit,Public shelter,High,Lower-middle,No,Shared adult household,None,Moderate,Good,2.3,15,3.1,0,0,1,0,0,0,0,0,0,0,1,0,0,1,1,1,0.9,0.75,,,reasoning_implies_vehicle_without_access,reasoning_implies_vehicle_without_access
ACS-191-baseline-r1,baseline,ACS-191,1,Evacuate now,Private vehicle,Friend/relative home,High,Low,Yes,Household with children,Child caregiving responsibilities,Moderate,Good,3.1,20,0.7,1,1,1,0,0,0,0,0,0,0,0,0,0,0,1,1,1.0,1.0,,,,
ACS-191-spatial_grounded-r1,spatial_grounded,ACS-191,1,Evacuate now,Private vehicle,Public shelter,High,Low,Yes,Household with children,Child caregiving responsibilities,Moderate,Good,3.1,20,0.7,1,1,1,0,0,0,0,0,0,0,0,0,0,0,1,1,1.0,1.0,,,,
ACS-192-baseline-r1,baseline,ACS-192,1,Evacuate now,Private vehicle,Friend/relative home,High,Lower-middle,Yes,Shared adult household,None,Moderate,Good,3.1,20,0.7,0,0,1,0,0,0,0,0,0,0,0,0,0,0,1,1,1.0,1.0,,,,
ACS-192-spatial_grounded-r1,spatial_grounded,ACS-192,1,Evacuate now,Private vehicle,Public shelter,High,Lower-middle,Yes,Shared adult household,None,Moderate,Good,3.1,20,0.7,0,0,1,0,0,0,0,0,0,0,0,0,0,0,1,1,1.0,1.0,,,,
ACS-193-baseline-r1,baseline,ACS-193,1,Evacuate now,Public transit,Public shelter,High,Lower-middle,No,Two-adult household,None,Moderate,Good,3.1,20,0.7,0,0,1,0,0,0,0,0,0,0,1,0,0,1,1,1,0.9,0.75,,,reasoning_implies_vehicle_without_access,reasoning_implies_vehicle_without_access
ACS-193-spatial_grounded-r1,spatial_grounded,ACS-193,1,Evacuate now,Public transit,Public shelter,High,Lower-middle,No,Two-adult household,None,Moderate,Good,3.1,20,0.7,0,0,1,0,0,0,0,0,0,0,1,0,0,1,1,1,0.9,0.75,,,reasoning_implies_vehicle_without_access,reasoning_implies_vehicle_without_access
ACS-194-baseline-r1,baseline,ACS-194,1,Evacuate now,Public transit,Friend/relative home,High,Lower-middle,No,Household with children,None,Moderate,Good,3.1,20,0.7,1,0,1,0,0,0,0,0,0,0,1,0,0,1,1,1,0.9,0.75,,,reasoning_implies_vehicle_without_access,reasoning_implies_vehicle_without_access
ACS-194-spatial_grounded-r1,spatial_grounded,ACS-194,1,Evacuate now,Public transit,Public shelter,High,Lower-middle,No,Household with children,None,Moderate,Good,3.1,20,0.7,1,0,1,0,0,0,0,0,0,0,1,0,0,1,1,1,0.9,0.75,,,reasoning_implies_vehicle_without_access,reasoning_implies_vehicle_without_access
ACS-195-baseline-r1,baseline,ACS-195,1,Evacuate now,Private vehicle,Friend/relative home,High,Lower-middle,Yes,Household with children,None,Moderate,Good,3.1,20,0.7,1,0,1,0,0,0,0,0,0,0,0,0,0,0,1,1,1.0,1.0,,,,
ACS-195-spatial_grounded-r1,spatial_grounded,ACS-195,1,Evacuate now,Private vehicle,Public shelter,High,Lower-middle,Yes,Household with children,None,Moderate,Good,3.1,20,0.7,1,0,1,0,0,0,0,0,0,0,0,0,0,0,1,1,1.0,1.0,,,,
ACS-196-baseline-r1,baseline,ACS-196,1,Evacuate now,Private vehicle,Friend/relative home,High,Lower-middle,Yes,Household with children,None,Moderate,Good,3.1,20,0.7,1,0,1,0,0,0,0,0,0,0,0,0,0,0,1,1,1.0,1.0,,,,
ACS-196-spatial_grounded-r1,spatial_grounded,ACS-196,1,Evacuate now,Private vehicle,Public shelter,High,Lower-middle,Yes,Household with children,None,Moderate,Good,3.1,20,0.7,1,0,1,0,0,0,0,0,0,0,0,0,0,0,1,1,1.0,1.0,,,,
ACS-197-baseline-r1,baseline,ACS-197,1,Evacuate now,Private vehicle,Friend/relative home,High,Low,Yes,Household with children,Child caregiving responsibilities,Moderate,Good,3.1,20,0.7,1,1,1,0,0,0,0,0,0,0,0,0,0,0,1,1,1.0,1.0,,,,
ACS-197-spatial_grounded-r1,spatial_grounded,ACS-197,1,Evacuate now,Private vehicle,Public shelter,High,Low,Yes,Household with children,Child caregiving responsibilities,Moderate,Good,3.1,20,0.7,1,1,1,0,0,0,0,0,0,0,0,0,0,0,1,1,1.0,1.0,,,,
ACS-198-baseline-r1,baseline,ACS-198,1,Evacuate now,Ride with family/friend,Friend/relative home,High,Middle,No,Shared adult household,None,Moderate,Good,3.1,20,0.7,0,0,0,0,0,0,0,0,0,0,1,0,0,1,1,1,0.9,0.75,,,reasoning_implies_vehicle_without_access,reasoning_implies_vehicle_without_access
ACS-198-spatial_grounded-r1,spatial_grounded,ACS-198,1,Evacuate now,Public transit,Public shelter,High,Middle,No,Shared adult household,None,Moderate,Good,3.1,20,0.7,0,0,0,0,0,0,0,0,0,0,1,0,0,1,1,1,0.9,0.75,,,reasoning_implies_vehicle_without_access,reasoning_implies_vehicle_without_access
ACS-199-baseline-r1,baseline,ACS-199,1,Evacuate now,Public transit,Friend/relative home,High,Low,No,Two-adult household,None,Moderate,Good,3.1,20,0.7,0,0,1,0,0,0,0,0,0,0,1,0,0,1,1,1,0.9,0.75,,,reasoning_implies_vehicle_without_access,reasoning_implies_vehicle_without_access
ACS-199-spatial_grounded-r1,spatial_grounded,ACS-199,1,Evacuate now,Public transit,Public shelter,High,Low,No,Two-adult household,None,Moderate,Good,3.1,20,0.7,0,0,1,0,0,0,0,0,0,0,1,0,0,1,1,1,0.9,0.75,,,reasoning_implies_vehicle_without_access,reasoning_implies_vehicle_without_access
ACS-200-baseline-r1,baseline,ACS-200,1,Evacuate now,Public transit,Friend/relative home,High,Low,No,Shared adult household,None,Moderate,Good,3.1,20,0.7,0,0,1,0,0,0,0,0,0,0,1,0,0,1,1,1,0.9,0.75,,,reasoning_implies_vehicle_without_access,reasoning_implies_vehicle_without_access
ACS-200-spatial_grounded-r1,spatial_grounded,ACS-200,1,Evacuate now,Public transit,Public shelter,High,Low,No,Shared adult household,None,Moderate,Good,3.1,20,0.7,0,0,1,0,0,0,0,0,0,0,1,0,0,1,1,1,0.9,0.75,,,reasoning_implies_vehicle_without_access,reasoning_implies_vehicle_without_access
